ID,Name,Age,Salary,Department,JoiningDate,Location,Gender,Experience,PerformanceRating
1,Weidar Lightning,64,Euro,Training,8/7/2000,786 Bobwhite Center,Male,2,4
2,Lelia Bertot,38,Rupiah,Legal,10/6/2002,8 Carey Road,Female,27,2
3,Junina Bust,28,Yuan Renminbi,Product Management,6/28/2012,509 Delaware Way,Genderqueer,41,3
4,Ainsley Samarth,49,Ruble,Engineering,1/15/2013,5 Reinke Way,,44,2
5,Correna Undrill,30,Zloty,Accounting,8/18/2021,291 Village Place,Agender,31,4
6,Ollie Gallahar,32,Dong,Business Development,8/18/2014,94 Jenna Alley,,35,2
7,Rodd Diggons,60,Yuan Renminbi,Human Resources,11/4/2004,4 Springview Alley,Male,47,3
8,Mariam Rapson,63,Dong,Product Management,10/28/2015,688 Kedzie Lane,,22,4
9,Lorri Boundy,19,Yuan Renminbi,Human Resources,1/8/2003,055 Grayhawk Road,Female,38,5
10,Flossy Gutch,72,Peso,Business Development,1/24/2011,31 Coolidge Lane,,37,3
11,Cherianne Scragg,81,Yuan Renminbi,Support,11/28/2005,9583 Annamark Court,,1,2
12,Teador Orrah,45,Real,Human Resources,8/11/2019,0 North Park,Male,3,1
13,Nickola Giacobillo,40,Krona,Research and Development,10/28/2013,5106 Debs Road,,18,3
14,Cheri Yeudall,72,Shilling,Business Development,7/20/2018,9 Hayes Junction,,48,5
15,Elly Whotton,18,Euro,Engineering,10/3/2017,488 Farragut Junction,Female,44,5
16,Willette Gallacher,43,Hryvnia,Support,8/8/2010,13 Kenwood Court,Female,13,4
17,Milo Bohling,74,Yuan Renminbi,Research and Development,2/27/2002,06 Rieder Drive,Male,41,4
18,Giralda Jammes,81,Euro,Human Resources,6/23/2016,626 Jenifer Center,,10,3
19,Shelley Chittleburgh,67,Yuan Renminbi,Business Development,8/4/2013,65154 Grayhawk Alley,Bigender,6,4
20,Denise Warlowe,22,Euro,Sales,2/28/2017,6240 Moland Terrace,Genderfluid,12,1
21,Hewett Streater,59,Zloty,Marketing,8/25/2008,0 Everett Trail,,34,1
22,Tom Scrancher,62,Yuan Renminbi,Human Resources,1/5/2004,77324 Judy Circle,,7,1
23,Kev Byram,46,Euro,Business Development,10/21/2019,08 Waywood Alley,Male,11,1
24,Denice Ellingworth,20,Rupiah,Product Management,11/23/2002,85 Aberg Crossing,Female,9,5
25,Fredek Parmiter,41,Euro,Product Management,11/28/2020,1606 Springview Road,Male,16,3
26,Alyosha Barthropp,67,Dollar,Marketing,2/14/2016,37 Clove Place,,20,2
27,Olivette Cantera,33,Yuan Renminbi,Services,3/31/2004,85426 Northport Circle,Non-binary,30,5
28,Dagmar Johann,26,Rupiah,Accounting,9/4/2005,2 Gulseth Terrace,Female,7,3
29,Myrtle Dallman,61,Zloty,Training,2/5/2020,4 Myrtle Park,Female,11,2
30,Silva Baynton,83,Krone,Support,4/17/2014,8 Mariners Cove Alley,Female,44,2
31,Murdock Guerin,54,Peso,Services,8/9/2008,38 Hauk Avenue,,40,3
32,Timmy Grey,76,Baht,Business Development,12/19/2007,380 Hermina Plaza,Male,12,5
33,Cher Eagles,78,Yuan Renminbi,Human Resources,3/15/2021,472 Tennyson Pass,Bigender,16,1
34,Tina Kurtis,57,Yuan Renminbi,Sales,7/3/2020,1158 Evergreen Plaza,Female,21,4
35,Dorine Ouver,44,Krona,Human Resources,4/14/2017,11612 Oak Avenue,Female,2,4
36,Coralyn Saggs,64,Lempira,Business Development,8/28/2013,37024 Independence Road,,16,3
37,Shelby Ody,40,Real,Accounting,7/6/2012,18 Talmadge Circle,Male,6,3
38,Thorvald Emlin,32,Lek,Training,5/17/2008,11 Mifflin Park,,39,1
39,Vivianna Hake,40,Rupiah,Training,8/6/2016,83603 Meadow Ridge Court,Female,25,4
40,Jon Pennicard,60,Shekel,Human Resources,4/17/2017,30999 Morning Terrace,,5,1
41,Vinson Lempenny,28,Franc,Legal,10/4/2019,1 Scofield Parkway,,30,4
42,Jamill Prosh,56,Euro,Research and Development,2/19/2011,5491 Oxford Plaza,,21,2
43,Katherina Rampley,40,Euro,Research and Development,9/23/2004,24688 Reinke Parkway,,27,5
44,Ardelia Hardwell,80,Krona,Business Development,1/23/2011,401 Montana Park,Female,21,5
45,Robbert Bachman,21,Dollar,Support,12/22/2010,089 Burrows Way,Male,18,2
46,Dody Shrawley,76,Tenge,Engineering,6/9/2018,1 Morrow Crossing,,43,4
47,Frasier Sayle,79,Yuan Renminbi,Training,6/9/2015,58086 Brickson Park Plaza,,33,4
48,Odelle Bamborough,70,Peso,Marketing,1/6/2019,6 Ridge Oak Lane,Female,27,2
49,Harwell Figliovanni,36,Baht,Accounting,11/22/2002,80425 Sage Way,Male,41,1
50,Les Herculson,72,Krona,Human Resources,11/13/2022,55 Loeprich Pass,Male,37,1
51,Tadeas Peres,23,Euro,Human Resources,3/8/2019,7 Cascade Street,Male,9,5
52,Kristan Markwell,45,Peso,Accounting,2/10/2005,0866 Barby Junction,Female,37,4
53,Linnie Fumagalli,28,Peso,Services,10/25/2002,18373 Brown Avenue,Female,3,2
54,Florina Towndrow,61,Rupiah,Training,9/10/2020,960 Buena Vista Court,Female,22,5
55,Berty Scranny,30,Yuan Renminbi,Accounting,4/14/2018,7 Fordem Plaza,Male,19,1
56,Cesaro Mc Meekin,27,Krone,Support,2/9/2015,3 Maple Wood Crossing,Male,16,5
57,Sharla Paggitt,64,Euro,Sales,10/17/2011,2 Rigney Point,,43,1
58,Melantha Coit,23,Yuan Renminbi,Services,7/7/2017,98 Mallard Court,,26,5
59,Clyve Gyppes,27,Yuan Renminbi,Support,7/11/2003,408 Meadow Vale Lane,Male,32,2
60,Dion MacKaig,59,Rupiah,Research and Development,7/12/2003,40494 Michigan Alley,Male,14,4
61,Viv Gyrgorcewicx,37,Sol,Services,11/12/2007,072 Arizona Alley,,26,4
62,Sallyanne Dark,59,Ruble,Services,5/20/2010,37596 Moose Place,Female,19,5
63,Diego McCrachen,65,Rupiah,Training,6/6/2012,59 Homewood Street,Male,5,5
64,Clywd Brettoner,67,Dollar,Accounting,11/16/2017,691 Dryden Hill,Male,21,2
65,Dorri Boffin,57,Hryvnia,Human Resources,1/1/2011,68 Carberry Park,Genderqueer,39,5
66,Griz Haine,59,Denar,Human Resources,4/29/2009,836 Claremont Trail,,7,1
67,Chuck Cecere,66,Dollar,Research and Development,8/11/2022,61432 Grim Avenue,Male,11,1
68,Ned Di Biasio,75,Rupiah,Support,8/3/2012,28 Erie Court,Male,38,1
69,Nannette Keeney,21,Peso,Training,5/19/2001,18934 Blue Bill Park Court,Female,45,4
70,Marten Bloor,75,Baht,Human Resources,12/18/2018,1 Del Sol Alley,Male,24,1
71,Banky Godfree,59,Ruble,Support,8/28/2020,9 Havey Way,Male,8,2
72,Sibelle Tupling,50,Cordoba,Human Resources,12/5/2008,21 5th Hill,Female,0,2
73,Clayton Pawnsford,79,Euro,Services,9/10/2010,8 Dakota Alley,Male,36,1
74,Winny Mauro,28,Yen,Support,8/29/2005,05 Clarendon Crossing,Bigender,15,5
75,Maddalena Currall,51,Yuan Renminbi,Services,7/15/2020,8057 Pleasure Circle,Female,47,4
76,Mendel Lewington,65,Peso,Research and Development,6/5/2000,405 Bay Junction,,12,1
77,Verla Bartalini,49,Koruna,Support,5/28/2022,9 Cascade Road,,17,1
78,Bondon Bonett,77,Yuan Renminbi,Support,5/17/2007,58 Sherman Trail,Male,26,2
79,Adamo Audsley,55,Euro,Research and Development,1/21/2020,18 Arapahoe Trail,,49,2
80,Chucho Robard,36,Real,Business Development,4/16/2008,06 Canary Pass,Male,14,5
81,Royce Lantiff,31,Lev,Services,6/28/2021,9 Moulton Park,Male,10,1
82,Purcell Blacket,25,Yuan Renminbi,Support,6/14/2021,3991 Hoepker Plaza,Male,3,1
83,Gisella McGeady,50,Dollar,Business Development,8/28/2007,35 Knutson Road,,6,2
84,Fannie Revance,55,Rupiah,Training,5/5/2020,36038 Graceland Circle,Female,8,5
85,Almeda Dowrey,82,Sol,Training,10/12/2020,83694 Dennis Trail,Female,46,2
86,Alicea Alishoner,62,Yuan Renminbi,Human Resources,7/10/2003,43651 Anniversary Lane,Non-binary,3,2
87,Madalena Chippin,51,Peso,Business Development,11/21/2019,0 Dovetail Road,Female,2,4
88,Rachael Windless,40,Rupee,Human Resources,5/2/2011,12592 Grasskamp Court,,20,4
89,Breena Gehricke,46,Yuan Renminbi,Legal,8/31/2021,1754 Rieder Plaza,,1,5
90,Natale Gerry,23,Franc,Marketing,7/18/2001,7 Fair Oaks Avenue,Male,38,5
91,Toby Kivelle,79,Yuan Renminbi,Legal,2/12/2016,9 Menomonie Junction,Male,50,3
92,Armin Hassen,77,Real,Research and Development,12/7/2006,91171 Evergreen Way,Male,44,4
93,Ardenia Bergstram,78,Pound,Accounting,9/12/2018,97 Melody Avenue,Female,47,1
94,Selene Loade,69,Real,Support,3/2/2000,2756 Northview Center,Bigender,30,3
95,Andi Phipp,74,Real,Services,11/29/2019,390 Larry Street,,16,5
96,Glennie Sullens,19,Tugrik,Marketing,1/21/2010,5 Brentwood Alley,,46,4
97,Diarmid McAlpin,79,Rupiah,Business Development,1/8/2012,5863 Daystar Trail,,22,4
98,Mildred Boards,72,Peso,Services,6/18/2018,7741 Nevada Circle,,41,2
99,Alastair Biaggelli,70,Yuan Renminbi,Training,6/28/2018,087 Mendota Avenue,,31,2
100,Morganica O'Glassane,76,Krona,Business Development,6/1/2001,2 Drewry Avenue,,43,2
101,Wendell Hefford,68,Krona,Marketing,3/1/2014,80882 Pond Hill,Male,40,1
102,Kiley Saer,22,Ruble,Marketing,4/2/2010,4302 Hagan Center,Female,27,3
103,Nils Zambonini,22,Hryvnia,Business Development,2/4/2004,2842 Old Gate Drive,Male,39,2
104,Kerwin Ivanchov,46,Dollar,Marketing,8/6/2018,53 Welch Lane,Male,23,5
105,Ash Boxhill,21,Peso,Research and Development,3/15/2000,4 Eagan Way,Male,30,5
106,Sebastian Barrat,79,Rupiah,Business Development,4/10/2009,927 Stone Corner Terrace,Male,9,5
107,Evaleen Mounsie,34,Sol,Support,6/14/2013,9 Petterle Lane,,22,3
108,Kelley Ingram,28,Kuna,Product Management,5/29/2013,105 Anzinger Junction,Female,27,2
109,Hermann Labadini,83,Dollar,Legal,1/5/2006,49122 Hoffman Parkway,,6,4
110,Sheffie Bennoe,82,Ruble,Marketing,3/7/2021,492 Drewry Terrace,Male,45,1
111,Karlen Bransden,22,Rial,Services,12/12/2001,2 Golden Leaf Circle,Female,11,5
112,Siana Davsley,52,Franc,Training,6/4/2009,86 Del Mar Drive,Female,3,4
113,Raquel Lehrer,44,Dollar,Business Development,12/16/2009,03044 Evergreen Center,,22,4
114,Elsworth Othick,79,Real,Engineering,3/8/2002,3588 Schurz Lane,Male,48,4
115,Dun Shrieves,56,Yuan Renminbi,Services,5/22/2014,9556 Sutteridge Park,Male,19,3
116,Nert Graeser,56,Yuan Renminbi,Marketing,4/7/2014,968 Autumn Leaf Hill,Female,13,1
117,Lane Botham,30,Naira,Marketing,1/12/2013,8555 Gale Park,,8,5
118,Ricoriki Cardozo,58,Zloty,Services,3/7/2009,146 Bartelt Drive,Male,50,4
119,Raff Sabberton,27,Shilling,Support,4/24/2005,9325 Westend Court,Male,18,4
120,Adolpho Carlisso,18,Koruna,Human Resources,4/13/2014,9048 Commercial Trail,Male,17,4
121,Faun Devonport,75,Dollar,Marketing,10/6/2021,77421 Bunker Hill Court,,28,2
122,Ardenia Redsull,82,Ringgit,Training,5/11/2012,2634 Rieder Road,,10,1
123,Blaine Dunham,18,Krona,Services,6/18/2007,6213 Del Sol Terrace,Male,33,5
124,Thomas Kingshott,50,Baht,Business Development,2/12/2009,1666 Fuller Way,Male,34,2
125,Arte Leacy,65,Shekel,Accounting,3/10/2002,65240 Mandrake Plaza,Male,11,2
126,Cly Tottle,52,Rupiah,Services,6/30/2014,32887 Autumn Leaf Plaza,Male,40,4
127,Rana Kennett,48,Afghani,Services,10/17/2004,5 Sloan Center,Female,11,4
128,Mead Doxsey,20,Dollar,Legal,8/12/2017,5327 Summer Ridge Place,Male,39,3
129,Joyann Vane,84,Real,Marketing,4/6/2018,24 Arapahoe Plaza,Female,43,5
130,Gwyneth Pingstone,71,Peso,Sales,2/27/2002,78 Sommers Hill,Female,31,2
131,Nananne Boutton,45,Koruna,Legal,1/17/2018,33 Wayridge Alley,,36,4
132,Bear Livick,32,Yen,Accounting,3/14/2013,5407 Warner Plaza,Male,28,1
133,Eleanor Flight,74,Shekel,Sales,12/22/2016,19 Cody Way,Female,37,3
134,Josias Srawley,73,Gourde,Product Management,5/5/2003,4 Kenwood Crossing,,20,5
135,Imogen Parrot,79,Yuan Renminbi,Research and Development,1/9/2007,3527 Nobel Place,,35,2
136,Alf Eames,25,Hryvnia,Marketing,9/28/2022,7 Northfield Parkway,,36,3
137,Travus Pleasants,73,Euro,Product Management,5/13/2015,11441 Ruskin Alley,Male,21,4
138,Noel Mackro,37,Yuan Renminbi,Research and Development,6/14/2006,440 Banding Parkway,Female,34,2
139,Amalee Mephan,41,Yuan Renminbi,Sales,9/22/2001,4827 Transport Park,Female,2,3
140,Kay Blaskett,33,Rupee,Human Resources,9/2/2018,80 Comanche Junction,,7,2
141,Carlyle Boddington,58,Rupiah,Business Development,5/14/2013,54 Fisk Circle,Male,39,4
142,Callean Cure,56,Peso,Marketing,4/10/2006,789 Fairfield Place,Male,17,2
143,Orland Allon,39,Peso,Engineering,9/22/2006,699 School Hill,Male,30,3
144,Dana Jurek,48,Rupiah,Human Resources,7/29/2002,28003 Southridge Circle,Polygender,16,5
145,Lin Grayland,37,Peso,Business Development,12/4/2015,688 Atwood Avenue,Polygender,39,3
146,Robinet Leyband,23,Yuan Renminbi,Marketing,6/24/2000,934 Corscot Court,Female,38,3
147,Marnia Simon,42,Rupiah,Accounting,8/2/2018,06172 Morrow Pass,Female,34,3
148,Archibald Wallworth,54,Zloty,Legal,3/27/2013,794 La Follette Crossing,Male,45,4
149,Cate Gammon,35,Yuan Renminbi,Engineering,5/10/2020,4 Bartillon Avenue,Female,49,3
150,Kassia Bagshawe,56,Koruna,Sales,8/1/2022,83 Arapahoe Place,Female,36,5
151,Bary Baumer,43,Peso,Support,10/1/2003,4211 Texas Plaza,Male,39,1
152,Cathie Sherrington,40,Dinar,Legal,4/4/2008,489 Dayton Court,Female,10,4
153,Lind Seakin,22,Rupiah,Support,3/21/2001,70237 Welch Drive,,8,1
154,Allayne Phibb,26,Yuan Renminbi,Legal,1/28/2012,5 Meadow Ridge Trail,Male,1,5
155,Baily O' Donohue,33,Euro,Product Management,3/15/2014,79 Fairview Drive,Male,5,3
156,Arvie Stoffersen,65,Krona,Human Resources,4/30/2011,34702 Hanover Street,Male,41,2
157,Harriett Bulleyn,21,Peso,Product Management,9/20/2011,7659 Lerdahl Place,Female,46,4
158,Dorena Sammons,65,Krona,Product Management,11/23/2020,56 Armistice Pass,Female,42,5
159,Micah Edgcombe,33,Peso,Engineering,9/25/2012,3 Holy Cross Point,,36,5
160,Jammal Traske,53,Yuan Renminbi,Accounting,3/19/2020,7440 Helena Circle,Male,7,5
161,Appolonia Jone,58,Afghani,Legal,2/24/2000,2 Rockefeller Center,Genderqueer,47,4
162,Herb Melin,82,Krone,Services,6/11/2003,449 Surrey Road,Male,49,1
163,Klemens Pryer,50,Tugrik,Training,4/8/2020,0097 Schiller Road,Male,22,3
164,Jesse Snowman,54,Rupiah,Legal,3/6/2017,4482 Ilene Way,Male,44,5
165,Cristina Devil,65,Euro,Human Resources,2/20/2006,4237 Aberg Parkway,,25,2
166,Barney Rissen,30,Yuan Renminbi,Accounting,10/7/2006,70 Anzinger Circle,,47,4
167,Sergent Willas,71,Dram,Marketing,11/16/2019,36 Hoffman Way,,44,5
168,Jeffy Gipp,50,Rial,Research and Development,3/4/2009,8 East Alley,Male,39,4
169,Katerina Pettersen,29,Real,Support,10/25/2005,8449 Morrow Street,,30,3
170,Sidoney Blewis,29,Afghani,Product Management,2/4/2022,7563 Derek Center,Female,47,4
171,Willi Klima,63,Peso,Legal,9/12/2014,2946 East Crossing,,37,3
172,Sella Mollatt,20,Baht,Support,10/12/2006,197 Little Fleur Center,,6,5
173,Rorke Barden,63,Ruble,Human Resources,8/8/2013,46 Maryland Road,Male,7,3
174,Marchall Baldacchi,61,Euro,Product Management,9/1/2013,0 4th Trail,Male,3,5
175,Benoite Seyler,22,Franc,Support,7/31/2019,22458 Menomonie Point,Female,35,4
176,Henrieta Fearnehough,55,Dollar,Engineering,10/11/2012,82 Kedzie Avenue,Female,4,5
177,Betsy Duberry,78,Euro,Marketing,4/5/2018,9 Melby Point,,46,3
178,Charla Bewshaw,21,Sol,Legal,7/10/2014,3 Ramsey Avenue,Female,2,3
179,Terrence Duiged,27,Sol,Support,2/28/2010,455 Cottonwood Junction,Male,36,5
180,Leonard Wybourne,45,Dalasi,Marketing,3/3/2007,253 Longview Hill,Male,30,2
181,Reilly Peller,18,Yuan Renminbi,Accounting,12/8/2019,83 Tennyson Court,Male,33,4
182,Arlina McCahey,72,Real,Training,12/3/2002,831 Merrick Park,Female,44,4
183,Alessandra Boothby,83,Yuan Renminbi,Sales,12/24/2003,21 Monument Hill,Female,40,2
184,Albie Standbrooke,48,Yuan Renminbi,Research and Development,3/22/2014,85 Welch Circle,Male,44,5
185,Gan D'Costa,38,Dollar,Engineering,4/10/2018,8052 Sunbrook Pass,,12,1
186,Rawley Bryden,83,Yuan Renminbi,Training,5/22/2010,9019 Susan Junction,,29,5
187,Cletus Longdon,57,Zloty,Human Resources,5/16/2002,08 Bay Junction,Male,40,5
188,Alene Carlesi,56,Rand,Business Development,5/18/2017,02410 Pearson Avenue,Female,23,4
189,Pearline Merrall,82,Yuan Renminbi,Marketing,5/7/2019,26 East Court,Female,12,1
190,Emmy Lehr,66,Yuan Renminbi,Product Management,11/21/2012,507 Anthes Court,,14,5
191,Adler Digby,30,Zloty,Business Development,2/13/2013,975 Di Loreto Point,Male,39,5
192,Jody Poznanski,63,Euro,Research and Development,4/9/2019,9709 Kennedy Center,Male,14,1
193,Wilton Karleman,70,Yuan Renminbi,Support,12/22/2000,3005 Tennyson Point,Male,7,3
194,Shalom Choppen,42,Rupiah,Training,3/6/2018,307 Garrison Court,,44,1
195,Richy Huggen,48,Dollar,Human Resources,12/18/2021,58 Longview Point,Male,29,5
196,Ariel Lindbergh,43,Rupiah,Training,9/13/2020,67638 Bartillon Avenue,,22,3
197,Steward Chatainier,74,Yuan Renminbi,Engineering,9/28/2021,30 Canary Hill,,10,5
198,Jaclyn Ormerod,65,Yuan Renminbi,Services,1/28/2011,67 Truax Center,,34,5
199,Jenica Casillas,65,Real,Support,11/25/2000,9 Hanson Point,Female,5,4
200,Maxwell Hansana,22,Yuan Renminbi,Marketing,1/1/2021,06 Corscot Alley,Male,29,1
201,Corinne Vidler,19,Rupiah,Sales,2/19/2016,633 Pawling Road,Female,37,2
202,Rob Brough,22,Euro,Services,11/13/2017,05 Fairview Junction,Male,26,4
203,Anjela Gregoli,36,Yuan Renminbi,Legal,3/3/2021,5917 Alpine Alley,Female,25,5
204,Ruthy Soot,84,Forint,Legal,8/3/2011,9 Lakewood Gardens Court,Female,6,3
205,Jeremy Sissons,64,Nakfa,Accounting,2/4/2002,2 Emmet Circle,Male,29,3
206,Nolly Baddoe,71,Yuan Renminbi,Business Development,7/25/2019,1 Utah Lane,Male,39,4
207,Kelci Quinnet,40,Euro,Legal,7/26/2014,54260 Mayer Street,,29,4
208,Cherida Pinkstone,77,Yuan Renminbi,Human Resources,6/3/2014,43 Menomonie Lane,Female,18,5
209,Maurise Normanvell,24,Kip,Legal,12/13/2003,617 Anthes Crossing,Male,32,5
210,Jimmie Essberger,47,Euro,Human Resources,12/22/2003,5 Dryden Junction,Male,11,5
211,Mercedes Litterick,51,Rupiah,Product Management,3/18/2018,9 Lighthouse Bay Court,Female,47,4
212,Claudelle Hawksby,63,Shilling,Business Development,11/22/2003,56 Gale Drive,,3,5
213,Ronnie Blagburn,36,Peso,Accounting,10/19/2000,1915 Crest Line Circle,,9,4
214,Evangelina Becks,79,Rupiah,Product Management,7/21/2009,6 Lighthouse Bay Center,Female,34,2
215,Gwennie Leask,67,Krone,Legal,1/13/2019,36007 Drewry Pass,Female,23,1
216,Otha Wagerfield,26,Euro,Engineering,10/16/2001,361 Ridgeview Pass,,39,1
217,Flynn Mc Kellen,35,Euro,Sales,5/24/2022,7503 Arapahoe Terrace,Male,47,4
218,Dore Jeannon,84,Euro,Services,3/27/2022,55935 Almo Circle,,27,4
219,Kaspar Scown,76,Dollar,Sales,5/28/2000,2 Bunting Way,Male,22,1
220,Danni Draude,58,Dollar,Marketing,1/6/2017,1 Ridgeview Parkway,,4,2
221,Bondie Yerlett,33,Afghani,Product Management,3/23/2022,4 Upham Circle,Male,21,3
222,Camille Hudleston,36,Dollar,Human Resources,11/17/2006,3063 Larry Park,Female,38,5
223,Carissa Trayte,31,Krona,Engineering,4/19/2019,9 Westend Terrace,Female,4,3
224,Christyna Dall,51,Dong,Engineering,11/18/2022,9173 Killdeer Terrace,Female,27,5
225,Neddy Rockell,58,Rupee,Human Resources,8/19/2000,69 Butternut Street,,16,5
226,Sue Guinnane,71,Euro,Marketing,6/10/2013,7 Springs Alley,Female,47,3
227,Nikolos Rountree,25,Hryvnia,Support,4/4/2005,9425 Cardinal Street,,14,5
228,Edythe Vodden,18,Shilling,Business Development,6/5/2020,2 Lotheville Avenue,Female,46,2
229,Sonny Glavin,58,Koruna,Sales,1/15/2009,33 Orin Point,Male,2,1
230,Agatha Aldham,69,Ruble,Support,8/27/2017,1126 Annamark Terrace,Female,28,1
231,Stefan Brayn,79,Pound,Support,8/28/2006,794 Melby Hill,Male,30,4
232,Glynnis Rymmer,66,Rupiah,Legal,10/3/2012,4439 Raven Drive,Female,43,3
233,Archie Zollner,47,Rupiah,Support,12/27/2003,3597 Lillian Terrace,Male,49,1
234,Alanah Rowden,77,Dinar,Marketing,8/4/2003,047 Eastlawn Hill,Female,25,4
235,Tyler Buie,77,Zloty,Accounting,1/3/2018,8 Thompson Terrace,Male,33,2
236,Martin Mashal,63,Yuan Renminbi,Marketing,8/25/2007,9 Sutteridge Street,,20,5
237,Joletta Haithwaite,80,Ruble,Accounting,12/12/2008,6470 Roxbury Hill,Bigender,37,5
238,Rosamond Deeley,67,Ruble,Support,3/18/2018,03395 Oriole Lane,Female,15,5
239,Marybeth Shingfield,73,Krone,Engineering,4/1/2007,331 Namekagon Alley,Female,34,3
240,Mercy Summersby,21,Real,Accounting,4/3/2009,066 Nobel Drive,,5,3
241,Chaddy Love,24,Rupiah,Business Development,8/30/2004,2418 Crescent Oaks Drive,Male,20,1
242,Sisile De Beneditti,68,Yuan Renminbi,Accounting,12/20/2010,37097 Eastwood Trail,,18,2
243,Alessandra Sylett,56,Peso,Research and Development,1/15/2011,5 Myrtle Court,,22,1
244,Robinetta Arpur,32,Peso,Human Resources,10/18/2019,65822 Gateway Park,Female,29,5
245,Rowena Ferreli,77,Lev,Support,5/7/2017,26411 Russell Crossing,Female,49,4
246,Pablo Aujean,45,Yuan Renminbi,Support,7/27/2000,6 Bunting Drive,Male,40,1
247,Cayla Shorie,71,Dollar,Business Development,3/24/2014,2 Westridge Road,Female,13,3
248,Lyell Faulkener,58,Rupiah,Sales,6/16/2022,0127 Dottie Place,Male,39,4
249,Samara Helder,27,Yuan Renminbi,Services,6/14/2019,98 Sloan Court,Female,15,1
250,Hugues Gliddon,60,Peso,Engineering,7/12/2022,4 Little Fleur Center,,27,4
251,Brendis Daffern,61,Rupee,Services,5/2/2009,40 Redwing Terrace,Male,18,2
252,Claiborn Gifkins,84,Dong,Product Management,4/23/2005,581 Hauk Center,Male,27,3
253,Tom Snaddon,38,Yuan Renminbi,Engineering,9/20/2003,120 High Crossing Lane,Male,8,2
254,Moyra Meece,18,Ruble,Training,10/26/2003,202 Westerfield Circle,,46,2
255,Frankie MacTeggart,59,Euro,Training,3/2/2019,7098 Lukken Junction,,42,2
256,Burt Oganesian,19,Guarani,Services,2/10/2016,24 Cordelia Parkway,,10,3
257,Alf Mackleden,49,Peso,Product Management,3/13/2012,100 Novick Parkway,Male,33,1
258,Robinia Sydry,64,Ruble,Services,4/17/2022,8472 Browning Place,Female,39,4
259,Corilla Roycroft,46,Euro,Business Development,5/14/2003,4 Monica Trail,,39,3
260,Yardley Lympenie,59,Rupiah,Training,12/11/2011,32 Mallory Point,,5,4
261,Wainwright Carlile,85,Zloty,Human Resources,9/8/2019,36144 Ilene Street,Male,44,5
262,Odella Whitby,62,Euro,Marketing,5/15/2005,94335 Namekagon Trail,,2,4
263,Lissy Todman,75,Yuan Renminbi,Human Resources,7/30/2014,402 Carpenter Trail,Female,25,1
264,Bevon Innett,41,Ruble,Training,2/10/2019,4 Lien Hill,Male,6,2
265,Tristan Timbridge,28,Yuan Renminbi,Accounting,2/11/2013,18387 Schlimgen Point,Male,41,4
266,Althea Node,24,Ruble,Marketing,12/22/2019,79 Novick Place,Female,12,4
267,Terrance Casebourne,49,Manat,Services,4/18/2007,43515 Truax Hill,Male,48,1
268,Niels Cawdron,39,Rupiah,Sales,8/6/2021,394 Morningstar Avenue,Male,20,5
269,Rollins Neal,38,Zloty,Legal,5/14/2021,351 Victoria Junction,Genderfluid,6,3
270,Niki Weaver,43,Peso,Services,8/18/2008,510 Canary Drive,Male,8,1
271,Hazel Knowlman,85,Peso,Legal,10/26/2018,5 Messerschmidt Center,,44,5
272,Giovanna Twiname,31,Ruble,Services,3/24/2012,1737 Westend Crossing,Female,2,5
273,Peterus Cufflin,74,Franc,Services,1/20/2011,70 Kingsford Drive,Male,9,2
274,Colly Bonnesen,50,Baht,Sales,2/22/2006,127 Hoepker Alley,,24,5
275,Miles Boxell,30,Afghani,Services,11/3/2010,68 Spenser Hill,Male,41,1
276,Brannon Skally,24,Dinar,Human Resources,8/14/2004,02 Coleman Crossing,Male,7,2
277,Carlo Nussey,32,Euro,Services,8/30/2018,34501 Washington Plaza,,16,1
278,Vittoria Hulburd,39,Leu,Services,7/21/2008,073 Holy Cross Pass,,5,2
279,Conroy Hallagan,25,Yuan Renminbi,Marketing,5/10/2000,959 Vahlen Place,Male,48,3
280,Shell Philip,36,Yuan Renminbi,Support,3/30/2016,5209 Sullivan Road,Female,0,5
281,Giulietta Cornthwaite,37,Rupiah,Human Resources,1/17/2013,6 Jay Alley,,39,3
282,Hedwig Terry,29,Zloty,Business Development,4/30/2022,759 3rd Road,Female,1,4
283,Arlina Bahike,33,Rupiah,Marketing,2/7/2016,60793 Schmedeman Terrace,Female,30,2
284,Willamina Mc Coughan,67,Yuan Renminbi,Human Resources,9/13/2019,7 Warrior Center,Female,42,4
285,Osborn Kernes,55,Cedi,Services,1/2/2014,62033 Mayfield Street,Male,39,4
286,Leigh Bangs,21,Dollar,Legal,1/29/2013,37 Sycamore Lane,Female,29,2
287,Anitra Twycross,85,Yuan Renminbi,Accounting,5/25/2008,7685 Daystar Park,,31,3
288,Leo Glen,76,Guarani,Research and Development,3/20/2005,6 Meadow Valley Drive,Male,32,5
289,Carri Hartop,85,Peso,Sales,11/10/2017,923 6th Point,Female,45,1
290,Patton Fraine,43,Ruble,Marketing,9/16/2021,05 Ruskin Avenue,,32,2
291,Jana Tottie,57,Yuan Renminbi,Legal,10/14/2015,70 Colorado Crossing,Female,4,5
292,Millisent Sitlington,26,Yuan Renminbi,Business Development,12/29/2003,78 Oak Place,Bigender,24,3
293,Robin Larchiere,20,Rial,Training,5/23/2004,90737 Eggendart Hill,Agender,12,5
294,Erinna Hellens,55,Zloty,Legal,3/26/2017,45 Schlimgen Parkway,Female,29,3
295,Kippar Skydall,61,Yuan Renminbi,Engineering,10/8/2021,995 Oriole Point,,22,4
296,Moe Shottin,33,Euro,Services,1/22/2010,62415 Meadow Vale Park,Male,35,1
297,Andonis Cuddihy,57,Peso,Accounting,7/30/2015,2014 Chive Circle,Male,18,5
298,Merna McPhater,28,Dram,Support,6/10/2020,839 Bellgrove Parkway,Female,12,1
299,Roderich Hancox,68,Rupiah,Services,10/1/2001,70 Memorial Way,Male,35,5
300,Larisa Elsmor,54,Ruble,Support,12/19/2015,741 Green Ridge Point,,35,4
301,Fairleigh Laurentin,18,Ruble,Sales,6/6/2018,03108 Nevada Center,Male,44,1
302,Alisun Cavell,55,Rupiah,Accounting,2/26/2006,1 Hallows Alley,Female,21,5
303,Latia Ridsdell,48,Rupiah,Engineering,7/9/2000,026 Reindahl Place,Genderqueer,46,3
304,Cicely Wakeman,59,Peso,Legal,4/10/2006,2247 Nelson Alley,Female,22,3
305,Pearce Duckett,21,Yuan Renminbi,Accounting,7/6/2021,50227 Mayer Point,,5,2
306,Rosabelle Corey,56,Rupiah,Human Resources,5/17/2013,70371 Portage Parkway,,28,5
307,Ardine Crowson,61,Dirham,Legal,10/31/2015,0 Mariners Cove Hill,Genderqueer,32,4
308,Terrel Royce,76,Naira,Support,1/24/2012,726 Merchant Plaza,Male,42,2
309,Hamel Waltering,65,Yuan Renminbi,Product Management,8/16/2019,014 Vidon Alley,Male,40,5
310,Jonah Rembaud,63,Krona,Human Resources,12/16/2008,46 Kinsman Circle,Male,6,5
311,Adelbert Pringuer,56,Dollar,Marketing,5/12/2015,59246 Cherokee Street,Male,32,2
312,Donia Keynes,48,Euro,Services,6/12/2016,82 International Park,Female,15,3
313,Enrique Millea,52,Afghani,Engineering,3/26/2019,31 Pleasure Terrace,Male,46,4
314,Rose Reboul,40,Shekel,Marketing,3/22/2008,0 Barby Center,Female,44,5
315,Kris Ketchaside,72,Yuan Renminbi,Product Management,4/12/2016,9 Iowa Hill,Male,46,5
316,Raquel Bansal,47,Yuan Renminbi,Training,7/24/2019,2083 Fordem Court,,45,2
317,Kalie Yakunkin,46,Rupee,Services,11/24/2019,8 Hagan Terrace,,2,4
318,Fitzgerald Warlow,22,Dollar,Services,10/28/2022,52 Arizona Hill,,25,5
319,West Dahlgren,70,Euro,Marketing,11/9/2020,8998 Forest Dale Alley,,24,1
320,Kaycee D'Aguanno,74,Kuna,Research and Development,12/1/2014,529 Prentice Circle,,27,1
321,Tobi Lafford,49,Euro,Training,8/18/2005,237 Miller Parkway,Female,36,5
322,Cortie Dulieu,80,Ruble,Engineering,6/5/2002,27911 Fairfield Road,Male,14,3
323,Estel Eastope,42,Peso,Support,8/2/2018,5476 Darwin Terrace,Female,6,5
324,Jourdan Couroy,53,Koruna,Support,5/12/2012,9 Crescent Oaks Point,Genderqueer,8,5
325,Chanda MacKeague,27,Rupiah,Services,6/24/2013,100 Little Fleur Terrace,Female,7,3
326,Shandra Trimmell,21,Rupiah,Product Management,10/23/2017,67797 Green Ridge Pass,Female,3,3
327,Ilaire Restall,30,Dollar,Engineering,11/7/2017,6 Swallow Place,Male,38,4
328,Keri Depper,47,Rand,Services,7/9/2005,4 Derek Pass,Female,0,3
329,Goddard Rudyard,23,Peso,Engineering,1/16/2000,0046 Moulton Park,Male,26,3
330,Boony Govier,29,Yuan Renminbi,Human Resources,4/24/2012,752 Atwood Park,Genderfluid,46,1
331,Christopher Canto,47,Dollar,Human Resources,2/13/2014,7629 Holy Cross Pass,Male,28,4
332,Harley Bootland,22,Yuan Renminbi,Human Resources,10/28/2000,70 Hagan Center,Female,16,2
333,Renado Stuchbery,72,Shilling,Human Resources,4/27/2016,92 Muir Point,Agender,18,4
334,Zitella Dutt,43,Euro,Research and Development,10/9/2005,6936 Prairieview Way,Female,10,1
335,Jackqueline Maly,42,Sol,Human Resources,11/27/2022,0 Saint Paul Alley,Female,12,4
336,Shayla Bootton,45,Peso,Marketing,10/27/2001,742 Shelley Drive,,21,5
337,Lou Tivolier,78,Dong,Sales,6/16/2018,15906 Brickson Park Point,Male,36,2
338,Maryanne Kleinsinger,80,Yuan Renminbi,Engineering,2/22/2022,0113 Cherokee Lane,,21,2
339,Jilli Gatecliff,62,Peso,Sales,3/5/2014,46217 Londonderry Point,,12,1
340,Torrin Frere,75,Shilling,Product Management,11/6/2012,73 Pond Point,Male,11,5
341,Cary McTrustram,67,Hryvnia,Marketing,7/8/2009,893 Farmco Avenue,Female,15,4
342,Addie Mallinder,57,Dollar,Training,3/28/2013,28672 Harper Crossing,Female,41,4
343,Leland Dougill,46,Dollar,Accounting,5/24/2021,5230 Vernon Street,,20,1
344,Marcos Cunrado,58,Yuan Renminbi,Human Resources,11/7/2012,81 Center Alley,Male,39,2
345,Graeme Satterfitt,56,Koruna,Business Development,5/15/2004,6637 Kennedy Place,Male,35,3
346,Anatole Catherall,25,Rupiah,Engineering,10/5/2005,2 Brickson Park Center,Male,13,2
347,Chloette Engel,23,Ariary,Services,2/5/2011,20 Cottonwood Road,Female,42,5
348,Ernest Sadry,61,Euro,Marketing,1/24/2001,783 Meadow Vale Court,Bigender,12,3
349,Dorene Swanson,78,Euro,Human Resources,1/12/2010,64879 Hoepker Place,Female,8,2
350,Ingar Haquard,38,Ruble,Research and Development,9/8/2000,61 Almo Avenue,Male,39,1
351,Janaye Ivanyushkin,79,Denar,Legal,2/9/2015,509 Stang Avenue,Female,1,4
352,Anette Valintine,32,Peso,Product Management,5/20/2012,257 Carberry Avenue,,25,1
353,Georgy Pinshon,76,Rupiah,Human Resources,8/23/2006,182 Northwestern Plaza,Male,16,5
354,Clay Menelaws,42,Koruna,Support,8/26/2021,7260 Lake View Alley,Male,41,2
355,Morse Ramard,30,Hryvnia,Engineering,5/28/2000,4 Randy Avenue,,39,3
356,Di Furzer,44,Peso,Research and Development,10/29/2022,3504 Blaine Way,Female,39,1
357,Marlane Yurchishin,29,Dollar,Support,6/15/2002,3002 Norway Maple Lane,Female,7,3
358,Eduino Dunton,52,Yuan Renminbi,Sales,8/30/2008,9487 Erie Parkway,Male,4,5
359,Gran Hulmes,23,Krona,Services,1/28/2012,7 Hagan Street,,9,1
360,Archer Ashling,48,Euro,Business Development,7/27/2012,54864 Hallows Terrace,Male,36,3
361,Brion Nuccii,60,Ruble,Training,2/2/2004,6242 Oxford Point,Male,9,4
362,Marleah Hannond,84,Rupiah,Support,8/17/2009,23210 Portage Trail,Female,48,2
363,Michal Pontin,32,Shilling,Marketing,5/18/2000,90822 Mcbride Junction,,42,5
364,Edie Dyton,39,Dollar,Services,1/17/2013,4673 Steensland Avenue,,17,3
365,Stormi Mitchenson,57,Zloty,Product Management,8/30/2007,76 Tony Circle,Female,26,3
366,Rachelle Paudin,53,Franc,Sales,10/20/2015,9703 Banding Court,Female,8,2
367,Elise Danneil,20,Tugrik,Product Management,12/26/2011,8337 Pennsylvania Circle,Female,34,1
368,Sancho Abramin,47,Hryvnia,Human Resources,10/18/2009,8 Vera Trail,Male,38,1
369,Pip Arlt,81,Rupiah,Human Resources,11/26/2021,08 Ludington Pass,Male,32,3
370,Marvin Matteo,50,Euro,Research and Development,12/13/2005,7 Declaration Drive,,13,1
371,Stinky Walkden,21,Yuan Renminbi,Legal,4/12/2005,2793 Roth Plaza,,23,1
372,Trefor Strettle,84,Yuan Renminbi,Human Resources,4/1/2010,55906 Hintze Plaza,Male,27,1
373,Isahella Parlour,32,Rupiah,Services,10/18/2020,28 Sunnyside Park,Female,27,3
374,Carlynn Levis,41,Krona,Product Management,1/2/2003,4 Merrick Avenue,,49,2
375,Munroe Fitchen,37,Peso,Business Development,9/17/2005,4 5th Court,Male,6,4
376,Parke Pudney,79,Yuan Renminbi,Training,8/22/2020,52354 Lerdahl Parkway,Male,11,1
377,Dannye Borthe,57,Peso,Engineering,4/28/2013,79110 Hallows Way,Female,19,4
378,Cullan Dumke,32,Rupee,Research and Development,7/9/2018,3539 Anzinger Place,Male,22,3
379,Bernard Verry,37,Rupiah,Support,6/23/2013,62 Vahlen Alley,Male,1,5
380,Daisi Dittson,75,Franc,Engineering,3/12/2022,631 Little Fleur Circle,Female,7,3
381,Danyelle Hulett,32,Rupiah,Support,2/26/2005,827 Coleman Court,Female,10,1
382,Ambros Linke,72,Yuan Renminbi,Legal,11/29/2022,92 Ridgeview Street,Agender,41,2
383,Monika Orable,29,Yuan Renminbi,Business Development,5/11/2014,826 Texas Parkway,,43,5
384,Rafaellle Cullingworth,33,Shilling,Legal,10/9/2008,48914 Shasta Terrace,Male,44,3
385,Millard Genders,74,Yuan Renminbi,Training,1/13/2018,081 Superior Way,Male,29,5
386,Blaine Wildor,77,Quetzal,Support,12/19/2004,99058 Bonner Point,Male,23,5
387,Stanleigh Ogan,21,Yuan Renminbi,Research and Development,2/26/2021,66 Sauthoff Plaza,Male,30,1
388,Rooney Abramamov,19,Afghani,Accounting,7/17/2001,24032 Oneill Place,Male,40,4
389,Berky Brennen,58,Rupiah,Support,8/22/2016,0574 Coolidge Trail,Male,34,3
390,Mallory Southward,71,Real,Marketing,7/7/2006,9109 Banding Alley,Female,49,3
391,Risa Berzin,47,Yuan Renminbi,Legal,11/21/2001,1 2nd Center,Female,39,1
392,Julita Crannell,49,Krona,Engineering,10/22/2016,312 Mcguire Alley,,11,4
393,Sawyere Ary,43,Real,Services,5/22/2004,9105 Dixon Parkway,,37,4
394,Brandi Jollye,43,Rupiah,Business Development,5/19/2016,64 Di Loreto Drive,,17,2
395,Boot MacGillivray,72,Real,Accounting,5/14/2010,0100 Bay Parkway,Male,17,4
396,Trip Kleinber,36,Lempira,Product Management,3/12/2004,8 Dixon Park,Male,3,4
397,Lazar Jocic,35,Rial,Human Resources,8/9/2018,4329 Tennessee Road,,3,5
398,Obadiah Baysting,29,Koruna,Support,9/26/2006,7 Melrose Trail,Male,1,5
399,Nikolas MacCurlye,48,Marka,Engineering,9/8/2020,48793 Menomonie Street,Male,16,1
400,Parker Abate,66,Yuan Renminbi,Human Resources,6/22/2018,73485 Monument Way,Male,17,3
401,Jesselyn Balham,81,Yuan Renminbi,Accounting,11/24/2001,8588 Judy Circle,Female,3,1
402,Standford Hopkynson,50,Dirham,Sales,6/24/2000,4 Lakewood Gardens Point,Male,14,5
403,Mada Nell,32,Peso,Business Development,12/27/2003,9 Vernon Parkway,Female,26,1
404,Emelia Cosslett,75,Krona,Support,6/14/2004,0 Anhalt Crossing,Female,45,5
405,Francis Feldberg,26,Ruble,Product Management,7/4/2006,0941 Westport Terrace,Male,19,2
406,Bernard Thornebarrow,58,Real,Training,7/13/2011,2 Brickson Park Way,Male,2,4
407,Lea Jest,55,Peso,Accounting,2/9/2004,8990 Beilfuss Terrace,Female,34,1
408,Arty Wrefford,32,Yuan Renminbi,Support,1/15/2003,5014 Butterfield Way,Male,33,5
409,Osborne Orritt,30,Ruble,Support,6/16/2020,551 Emmet Center,Male,20,1
410,Ansel Cavanagh,63,Euro,Accounting,3/8/2020,23657 Golden Leaf Circle,Male,33,5
411,Eryn Nicklinson,73,Dong,Accounting,8/2/2015,9 Vahlen Hill,Female,19,2
412,Nalani Ziehms,69,Euro,Legal,3/12/2006,9 Beilfuss Drive,Bigender,12,4
413,Ranee Dansey,52,Yuan Renminbi,Support,8/14/2018,906 Rowland Hill,Female,5,5
414,Merrick Isac,20,Euro,Services,6/30/2003,14859 Dorton Point,Male,49,4
415,Leeanne Dennis,28,Shekel,Support,6/10/2019,6 Scofield Avenue,Female,7,1
416,Lemmy Seeborne,75,Dinar,Business Development,9/10/2012,91570 Petterle Place,,6,4
417,Cayla Sieve,82,Yuan Renminbi,Support,11/7/2007,60 Sage Street,Female,14,4
418,Jaimie Mitkin,84,Rial,Training,10/2/2020,2 Spohn Crossing,,16,3
419,Christiana Muzzillo,48,Kyat,Human Resources,6/13/2022,66 Butterfield Center,Female,7,4
420,Hillier Glossop,80,Euro,Support,5/23/2021,32342 Schlimgen Lane,Male,25,5
421,Isidor Dossettor,21,Yuan Renminbi,Research and Development,2/19/2001,1816 Maryland Center,Male,22,5
422,Leora Brimblecombe,61,Peso,Engineering,9/17/2003,83045 Dunning Crossing,,1,5
423,Gusty Coopman,46,Yuan Renminbi,Research and Development,1/13/2020,5 Southridge Hill,Female,40,5
424,Germain Lafee,34,Yuan Renminbi,Product Management,6/13/2014,78 Moland Road,Female,7,1
425,Rayshell Jowers,66,Yen,Human Resources,11/27/2003,6 Basil Trail,Female,30,1
426,Mela Grene,19,Zloty,Business Development,12/24/2001,34574 Luster Lane,,1,3
427,Niels De Vaux,46,Ruble,Sales,7/14/2010,4 Packers Plaza,,18,4
428,Mill Strugnell,51,Peso,Sales,1/9/2019,78394 Iowa Park,Male,18,5
429,Ebenezer Druce,80,Ruble,Support,12/19/2012,016 Sutteridge Plaza,Male,44,1
430,Meridel Cordell,31,Euro,Human Resources,2/11/2013,0836 Vera Junction,Female,12,1
431,Sherry Tong,82,Yuan Renminbi,Support,2/21/2006,04 Monterey Crossing,Female,30,4
432,Sibyl Ockwell,64,Yuan Renminbi,Research and Development,12/29/2008,806 Leroy Terrace,Female,7,3
433,Constancia Belliss,57,Rupiah,Services,6/24/2022,75 Park Meadow Lane,Female,18,3
434,Stanton Brazur,49,Euro,Services,1/12/2010,814 Mayer Hill,Male,38,3
435,Leupold Biddlecombe,40,Rial,Training,4/21/2008,04 Grover Junction,,48,5
436,Issy Ciccotto,51,Dollar,Research and Development,7/19/2009,6410 Buell Crossing,Female,32,1
437,Giuditta Craigheid,54,Peso,Human Resources,11/10/2022,165 Manitowish Avenue,Female,49,4
438,Jordanna Navarro,77,Rupiah,Research and Development,6/5/2010,3 Independence Point,Female,27,2
439,Corbet Vasyunkin,70,Taka,Legal,8/4/2014,91793 New Castle Pass,,30,5
440,Thane Harvard,18,Rupee,Business Development,12/24/2019,3638 Clove Road,Male,35,5
441,Ilaire Kearley,55,Zloty,Legal,5/11/2022,33 New Castle Drive,Male,46,3
442,Twyla Pesak,25,Real,Services,2/21/2008,050 Fremont Place,,18,1
443,Farris Codron,73,Peso,Marketing,6/30/2016,977 Mcguire Road,Male,36,4
444,Baron Rickasse,64,Yuan Renminbi,Legal,10/7/2006,31 2nd Avenue,Male,9,5
445,Killian Lawee,85,Ruble,Marketing,3/12/2020,3 Springs Parkway,Male,23,1
446,Avrit Roughey,52,Real,Business Development,5/5/2014,35 Sage Park,Female,9,5
447,Morlee Drogan,56,Shilling,Marketing,11/24/2003,62201 Center Lane,Male,46,2
448,Dannel Shirtcliffe,55,Pula,Training,2/16/2018,1 Calypso Court,Male,16,2
449,Johnathon Andreutti,46,Krona,Marketing,2/16/2018,451 Glendale Pass,Male,4,4
450,Modesta Frowen,25,Dong,Sales,4/15/2014,03767 Del Sol Pass,Female,49,2
451,Cara Erricker,31,Rupee,Research and Development,7/15/2012,0 Scott Alley,Female,37,5
452,Chuck Sleicht,78,Yuan Renminbi,Engineering,3/27/2008,751 Heath Pass,,39,1
453,Fawn Pucknell,73,Krone,Support,1/17/2018,699 International Center,Female,10,2
454,Todd Tesdale,24,Sol,Support,4/18/2022,2799 Talisman Crossing,Male,50,2
455,Webster Tampling,39,Yuan Renminbi,Product Management,8/3/2000,30574 Basil Circle,Male,4,3
456,Robby Realph,53,Yuan Renminbi,Product Management,5/1/2008,78 Dottie Drive,Male,1,5
457,Hill Stanyland,43,Zloty,Support,9/5/2020,27 Mayer Alley,Male,7,3
458,Rowney Ping,77,Ruble,Sales,11/22/2014,42708 Elka Way,Male,38,5
459,Shirlene Webberley,33,Euro,Support,10/3/2016,32934 Spenser Plaza,Female,3,1
460,Monica Goodie,35,Sol,Support,5/12/2013,9710 Lerdahl Street,Female,16,3
461,Sybil Huyche,64,Sol,Support,1/26/2014,009 Longview Center,Female,9,4
462,Guendolen Compson,48,Peso,Training,4/27/2013,5 Merrick Street,Female,24,2
463,Hedy Allridge,19,Peso,Human Resources,10/11/2006,700 Portage Alley,Female,34,2
464,Modestia Latliff,19,Euro,Services,9/27/2000,49568 Esker Place,,1,4
465,Cally Roseaman,22,Peso,Support,9/19/2018,832 Goodland Avenue,Female,50,3
466,Elsinore Ellams,74,Rial,Accounting,7/21/2004,29369 Oneill Crossing,,38,3
467,Fairlie Allflatt,84,Ruble,Services,7/29/2009,6 Sullivan Avenue,Male,25,5
468,Berkly Sivill,54,Rupiah,Research and Development,12/15/2006,2 Talmadge Junction,Agender,43,2
469,Bentley Lanchberry,48,Dollar,Accounting,4/2/2008,9 Amoth Alley,Male,24,4
470,Ab Furmedge,74,Dollar,Marketing,9/6/2022,6 Prairieview Avenue,Male,33,5
471,Eleonora Foggarty,48,Rupiah,Engineering,4/9/2018,67 Namekagon Drive,Female,22,3
472,Pauly McKennan,57,Dollar,Business Development,6/18/2020,448 Loftsgordon Center,Non-binary,7,1
473,Olva Marland,61,Hryvnia,Marketing,4/14/2004,7 Express Circle,Female,39,2
474,Perice Drexel,60,Yuan Renminbi,Business Development,9/20/2021,28473 Ryan Hill,,15,2
475,Celia Dunston,69,Peso,Services,10/4/2021,342 Steensland Center,Female,11,3
476,Nedda Stather,76,Lek,Sales,10/15/2017,730 Transport Avenue,,35,2
477,Mattie Northing,52,Ruble,Business Development,9/27/2022,413 Schurz Trail,Non-binary,15,4
478,Dani Laise,76,Yuan Renminbi,Marketing,2/26/2001,062 Fremont Center,Male,27,5
479,Gratiana Cottel,51,Rand,Engineering,3/12/2014,1 Mariners Cove Hill,Female,13,5
480,Dionysus Le Pine,24,Peso,Marketing,3/5/2007,917 Evergreen Point,Male,27,2
481,Tobye Servante,54,Rupiah,Legal,10/11/2011,88159 Browning Way,Female,46,1
482,Connor Gauld,26,Yuan Renminbi,Training,4/20/2008,7 Spaight Junction,Male,34,5
483,Ekaterina Brightling,69,Rupiah,Support,3/22/2001,1 Cordelia Place,,13,5
484,Hersh Scad,37,Yuan Renminbi,Research and Development,12/20/2014,99272 Forster Point,Male,4,1
485,Trish Pinkerton,69,Yuan Renminbi,Legal,7/28/2006,8628 Debra Lane,Female,50,1
486,Rhoda Clowley,43,Baht,Services,1/23/2018,557 International Center,Female,22,5
487,Sada Churn,56,Shilling,Research and Development,2/1/2018,444 Banding Center,Female,9,5
488,Hadlee Stoade,35,Dollar,Training,8/8/2005,1 Talisman Pass,Male,21,5
489,Padriac Riquet,75,Rupiah,Product Management,8/22/2017,01864 Redwing Circle,Male,50,1
490,Jerrilyn Fiveash,59,Peso,Legal,2/20/2007,922 Wayridge Crossing,Female,30,3
491,Bev Shelton,47,Rupiah,Legal,3/29/2017,01169 Maple Court,,20,4
492,Harry Thynne,22,Dinar,Accounting,9/14/2001,622 Old Gate Junction,Male,8,2
493,Barn Giovanetti,41,Dollar,Training,9/18/2014,6 Merry Point,Male,20,2
494,Even Rotchell,61,Rupiah,Product Management,11/19/2006,85665 Lighthouse Bay Place,Male,43,5
495,Simmonds Lofty,52,Yuan Renminbi,Marketing,7/21/2021,8 Delaware Pass,,34,1
496,Suki Walentynowicz,52,Naira,Human Resources,5/23/2020,70754 Menomonie Avenue,,35,4
497,Yasmeen De Ferrari,41,Peso,Services,10/16/2018,8 Northridge Alley,Female,0,3
498,Phil Shelp,68,Yuan Renminbi,Business Development,4/9/2011,2611 Debra Lane,,30,4
499,Rae Beals,68,Peso,Sales,12/6/2020,7570 Petterle Lane,Female,41,2
500,Eleonora Gennrich,26,Yuan Renminbi,Training,10/14/2001,82 Grover Crossing,Female,1,5
501,See Nibley,43,Rial,Support,9/4/2020,49 Tony Drive,Male,45,5
502,Erin Ambrogelli,36,Peso,Business Development,10/6/2008,8 Bluejay Trail,Male,29,5
503,Alexandrina Bredgeland,82,Pound,Support,12/29/2017,42229 Kenwood Road,Female,6,4
504,Roxanna Small,21,Dollar,Support,12/14/2012,79 Sauthoff Lane,Female,43,5
505,Allison Stockney,39,Pound,Product Management,10/2/2022,2 Hanson Pass,Female,23,1
506,Maje Capper,69,Real,Business Development,10/30/2018,86602 3rd Junction,,15,3
507,Hugibert Empleton,81,Rupiah,Sales,2/26/2005,1 Northland Way,Male,12,5
508,Ned Medina,42,Rial,Engineering,12/20/2000,0 Shasta Park,Male,7,5
509,Dallas Vassbender,54,Ariary,Support,11/7/2008,287 Schiller Point,Male,47,3
510,Rebbecca Gilbard,57,Real,Human Resources,4/24/2010,18380 Ramsey Park,Female,27,4
511,Anabal Cornell,73,Dollar,Sales,1/17/2009,57369 Comanche Hill,Female,1,2
512,Lucian Gunthorpe,82,Colon,Services,11/12/2006,13 Killdeer Court,,12,2
513,Annabell Manhood,73,Euro,Research and Development,11/4/2019,7154 Eagan Plaza,,16,5
514,Tamara Baitey,51,Ruble,Accounting,2/14/2020,0996 Maple Crossing,Female,34,5
515,Malissia Gebhardt,78,Franc,Research and Development,2/2/2010,47 Hanson Hill,,23,2
516,Ingemar Boughen,45,Rupiah,Legal,1/17/2018,70087 Di Loreto Avenue,Male,8,2
517,Wilt Eliassen,76,Ruble,Sales,3/31/2017,779 Westend Hill,Male,40,1
518,Vilhelmina Fass,75,Naira,Product Management,11/16/2020,26400 Eagan Pass,Female,41,5
519,Abraham Ellington,64,Yuan Renminbi,Product Management,10/30/2012,162 Johnson Street,Male,34,2
520,Pierre Gellion,26,Rupiah,Services,3/11/2017,0849 Haas Court,Male,13,2
521,Ellene Dillinger,54,Shilling,Product Management,8/2/2017,94 Knutson Trail,Female,45,3
522,Alexio Fevers,81,Zloty,Product Management,9/15/2010,2377 Florence Way,Male,2,5
523,Ly Lough,35,Yuan Renminbi,Sales,11/27/2012,489 Susan Plaza,Male,8,4
524,Hanny Deabill,28,Dollar,Accounting,3/4/2014,1 Sachs Road,,21,3
525,Shawn Kilmartin,48,Yuan Renminbi,Product Management,12/17/2011,47 Mcbride Parkway,,3,4
526,Ezmeralda Antrim,36,Yuan Renminbi,Business Development,4/18/2017,4 Arrowood Place,Female,16,3
527,Wolfy Crady,45,Pound,Business Development,8/29/2021,98819 Pierstorff Center,,28,2
528,Reider Mournian,28,Euro,Human Resources,6/20/2001,7 Prairieview Alley,Male,2,5
529,Jareb Elderbrant,22,Kuna,Engineering,11/13/2017,652 Lillian Park,Male,28,5
530,Marje Gullivan,21,Yuan Renminbi,Legal,1/23/2015,2225 Buena Vista Alley,Female,33,3
531,Tobe McConnal,36,Tugrik,Training,4/28/2004,506 Jana Terrace,Female,30,4
532,Ana Jeacocke,55,Yuan Renminbi,Human Resources,1/21/2011,65655 Manufacturers Avenue,,4,4
533,Consuela Seamarke,46,Birr,Research and Development,6/1/2022,66 Toban Street,,5,3
534,Derby Hugonnet,49,Baht,Business Development,9/16/2014,5 Hansons Park,,10,4
535,Leupold Yele,22,Peso,Accounting,8/16/2022,6761 Fulton Circle,Male,50,5
536,Cati Hubert,69,Ruble,Accounting,8/18/2010,6 Kenwood Alley,Female,46,4
537,Lauraine Whittek,71,Peso,Accounting,1/3/2001,032 Manufacturers Plaza,Female,18,4
538,Milka Brettel,41,Quetzal,Research and Development,10/28/2021,5 Golden Leaf Lane,Polygender,21,2
539,Antin Spread,52,Bolivar,Training,11/11/2017,85702 Anderson Road,Male,15,2
540,Felecia Cratchley,83,Real,Training,9/18/2018,661 Hollow Ridge Park,Female,35,2
541,Koral Odegaard,41,Euro,Engineering,5/17/2012,573 Mayfield Way,Female,7,2
542,Trude Sadler,75,Euro,Accounting,2/25/2007,6 Prentice Alley,,32,3
543,Wandis Glasbey,18,Koruna,Support,11/29/2006,778 Alpine Parkway,Female,14,4
544,Adiana Hoggetts,42,Dollar,Product Management,6/26/2001,3 Fuller Circle,Bigender,44,4
545,Zsazsa Cassell,79,Yuan Renminbi,Accounting,8/17/2000,5544 Mosinee Way,Female,30,4
546,Miguel Nickless,37,Yuan Renminbi,Product Management,4/12/2002,5920 Crest Line Avenue,Genderqueer,0,2
547,Christel Vials,45,Rial,Training,6/30/2008,79 Ramsey Alley,Female,8,5
548,Rosaleen Deetch,23,Dirham,Human Resources,9/16/2001,83117 Crest Line Way,Female,49,3
549,Minna Bambridge,47,Dollar,Support,7/10/2002,38645 Schmedeman Road,Female,42,2
550,Bab Nand,18,Ruble,Product Management,7/16/2003,9 Walton Parkway,,17,3
551,Launce Ritmeier,60,Yuan Renminbi,Training,9/6/2001,955 Golf View Junction,Male,43,5
552,Daron Klimpt,48,Hryvnia,Services,12/17/2009,91804 Monterey Trail,Female,48,3
553,Carr Garmons,71,Rupiah,Research and Development,7/10/2020,85 Toban Plaza,Male,14,1
554,Glynis Leonard,43,Real,Support,10/13/2001,076 Dottie Parkway,Female,10,2
555,Star Masic,32,Yuan Renminbi,Product Management,11/23/2008,733 Meadow Vale Court,Female,30,2
556,Griffith Keysall,26,Yen,Sales,7/17/2007,70 Ludington Court,,9,1
557,Humfrey O'Rafferty,54,Peso,Product Management,5/22/2017,1806 Portage Way,Male,7,4
558,Brenden Trighton,63,Peso,Legal,12/6/2004,26 Armistice Avenue,,19,3
559,Findlay Bonett,43,Hryvnia,Support,11/28/2020,9638 Thompson Avenue,Male,41,5
560,Saunderson Barbery,76,Yuan Renminbi,Engineering,7/1/2016,305 Gulseth Park,Male,10,2
561,Olin Cottage,45,Krona,Engineering,9/13/2009,5582 Lerdahl Circle,Male,41,2
562,Kelvin Saunderson,77,Yuan Renminbi,Marketing,9/5/2014,968 Westridge Road,Male,0,4
563,Florry Blance,53,Yuan Renminbi,Training,3/20/2009,167 Banding Terrace,Female,22,4
564,Drud Tunaclift,28,Peso,Legal,5/23/2016,331 Lakewood Gardens Court,Male,26,1
565,Giselbert Tyrer,45,Euro,Sales,5/15/2017,5443 Kenwood Court,Male,3,1
566,Jeth Durdy,24,Euro,Training,4/21/2004,365 Merrick Way,,13,4
567,Everett Reichelt,45,Zloty,Engineering,5/21/2020,0123 Ronald Regan Road,Male,42,1
568,Archibald Dunderdale,41,Dong,Business Development,12/19/2007,39310 Arkansas Place,Genderqueer,13,4
569,Micky Mossman,37,Yuan Renminbi,Engineering,8/7/2002,90 Fallview Junction,Male,24,4
570,Any Gartan,54,Yuan Renminbi,Research and Development,9/4/2022,3468 Norway Maple Avenue,Male,29,4
571,Daria Parkyn,63,Dinar,Product Management,6/24/2004,93856 Almo Terrace,Female,1,3
572,Tailor Maceur,43,Yen,Human Resources,1/4/2020,7951 Green Terrace,Male,21,2
573,Aubine Hender,65,Euro,Marketing,3/7/2000,6 Charing Cross Alley,,48,2
574,Harriett Winspeare,84,Peso,Engineering,8/5/2015,17 Manitowish Park,Female,9,5
575,Brian Malin,77,Euro,Accounting,10/8/2015,8 Cherokee Lane,Male,49,1
576,Ewart Elcott,29,Euro,Marketing,11/19/2017,4425 Sauthoff Road,Male,24,5
577,Henryetta M'Chirrie,18,Yuan Renminbi,Training,7/26/2019,8613 Buhler Plaza,,46,4
578,Raphael Vineall,19,Rupiah,Business Development,5/2/2016,592 Lakeland Street,Male,50,3
579,Karel Morrill,18,Manat,Support,3/8/2011,1 Kinsman Park,Male,23,4
580,Marchelle Kinig,77,Yuan Renminbi,Training,10/15/2009,184 Green Ridge Plaza,Female,14,1
581,Cal Payn,80,Dollar,Marketing,9/12/2014,5 Autumn Leaf Trail,,18,1
582,Margalo Samuel,26,Zloty,Training,7/5/2022,3 Atwood Drive,Female,44,3
583,Doretta Hamlington,80,Euro,Services,12/7/2020,64980 Eastwood Pass,Female,43,5
584,Cointon Ree,73,Baht,Sales,7/13/2005,9306 Crowley Plaza,Male,20,4
585,Richmond Mulvin,77,Yuan Renminbi,Marketing,8/16/2019,37 Maywood Center,Bigender,23,5
586,Micheline Bransby,52,Peso,Sales,2/22/2015,7 Rutledge Terrace,Female,29,1
587,Lorry Standage,42,Euro,Services,11/11/2001,46683 Transport Place,Male,4,4
588,Donaugh Kivell,79,Ruble,Legal,9/21/2004,9 Raven Crossing,Male,22,2
589,Lindy MacMenamy,69,Euro,Product Management,5/30/2010,05312 Fairfield Parkway,Male,32,2
590,Jacki Brunesco,20,Yuan Renminbi,Accounting,7/7/2022,596 Graedel Hill,Non-binary,38,2
591,Ashil Blackaller,35,Won,Sales,3/20/2022,29304 Tony Terrace,Female,30,1
592,Torrey Britch,65,Yuan Renminbi,Support,10/29/2010,39 Coleman Court,Male,40,2
593,Ingrid Savege,46,Balboa,Marketing,7/10/2002,3 Monterey Pass,Female,3,5
594,Felipa Scarr,64,Koruna,Marketing,1/20/2003,1 Menomonie Park,Female,28,1
595,Tamra Mahoney,41,Yuan Renminbi,Business Development,11/3/2008,9 Lake View Crossing,Female,24,4
596,Sylas Van Der Straaten,48,Euro,Research and Development,5/12/2012,047 Jackson Point,,3,2
597,Syman Brunet,73,Euro,Marketing,2/16/2002,8 Macpherson Center,Male,28,2
598,Bonni Erdely,22,Lek,Marketing,2/21/2016,15 Mandrake Road,Female,43,1
599,Geoff Kettel,44,Rupiah,Product Management,7/18/2003,4 Briar Crest Pass,,6,5
600,Lin Laing,73,Ruble,Accounting,6/10/2020,8051 Green Ridge Park,,21,5
601,Newton Ochiltree,43,Real,Human Resources,4/9/2021,17 5th Lane,Male,8,2
602,Chilton Langstone,25,Franc,Support,3/13/2006,5 Birchwood Alley,Male,16,1
603,Granthem Petrello,28,Yuan Renminbi,Legal,12/26/2022,13662 Rieder Pass,Genderqueer,5,4
604,Giusto Worthy,19,Peso,Support,5/1/2008,96 Hansons Plaza,Male,44,2
605,Orelle Thorneloe,69,Yuan Renminbi,Sales,11/19/2016,2658 Bartillon Drive,Female,30,3
606,Allie Ruben,66,Peso,Engineering,5/28/2016,24904 Monterey Street,Female,20,5
607,Stormy Mishaw,64,Yuan Renminbi,Accounting,6/17/2001,179 Eastlawn Park,Female,34,5
608,Cinda Gilkes,69,Afghani,Support,4/22/2002,49759 Darwin Plaza,Agender,39,5
609,Kincaid Cahill,19,Real,Product Management,7/26/2000,5562 Acker Place,,6,5
610,Donia McGrath,46,Dollar,Marketing,4/5/2000,47 Scott Alley,Female,48,3
611,Brigitta Lenden,56,Yuan Renminbi,Marketing,11/12/2003,9990 Grim Drive,Female,28,2
612,Martie Clarridge,45,Peso,Training,5/13/2002,03 Hintze Center,,3,4
613,Ed Kisbee,28,Ruble,Legal,10/28/2004,9937 Dorton Alley,Male,18,1
614,Winifred Garfield,52,Rupiah,Business Development,7/25/2003,8804 Golf Point,,23,3
615,Lawrence Carthew,45,Yuan Renminbi,Human Resources,12/24/2000,76083 Grasskamp Lane,Male,15,4
616,Shirl Turfin,27,Peso,Training,6/24/2021,3 Riverside Alley,,45,2
617,Paulo Scopham,56,Zloty,Accounting,1/29/2007,702 Arrowood Plaza,,15,1
618,Emmit Marcroft,73,Peso,Research and Development,2/16/2003,35899 Delaware Trail,Male,36,4
619,Deerdre Leasor,71,Real,Support,8/18/2014,0 Packers Plaza,Female,40,4
620,Mamie Regenhardt,62,Euro,Product Management,10/26/2002,71391 Brentwood Court,,19,4
621,Mona Di Franceschi,23,Yuan Renminbi,Support,9/17/2003,41907 Division Hill,,20,2
622,Molli Dillaway,28,Ruble,Research and Development,1/4/2007,4 Gina Parkway,Female,47,5
623,Daveen Kennifick,21,Naira,Accounting,10/31/2021,448 Grayhawk Lane,Female,15,5
624,Kacy McCormack,18,Peso,Support,5/5/2017,935 Ronald Regan Junction,,17,3
625,Clyve Woodrooffe,34,Krona,Human Resources,7/2/2016,00314 Mcbride Lane,Male,40,5
626,Aleece Attersoll,20,Ruble,Human Resources,7/11/2020,73215 Bobwhite Avenue,Female,27,4
627,Monty Bentz,46,Ringgit,Product Management,10/13/2005,60364 Cardinal Parkway,,39,4
628,King Aliberti,55,Dollar,Business Development,12/29/2011,680 Melody Avenue,Male,0,2
629,Lew Glasman,20,Yuan Renminbi,Legal,7/2/2018,98 Jackson Court,Male,11,3
630,Frederigo Bisiker,68,Lev,Accounting,3/14/2021,38927 Spaight Avenue,Male,45,4
631,Farica Schruyer,42,Yuan Renminbi,Engineering,7/10/2017,657 Maple Park,Female,6,4
632,Caleb Frossell,37,Zloty,Legal,12/28/2016,0286 Holy Cross Hill,,8,5
633,Ignaz Farfalameev,56,Rial,Sales,9/25/2000,8821 Hallows Parkway,Male,12,4
634,Mahmud Grinin,23,Ruble,Marketing,1/15/2019,88 Oriole Court,,17,4
635,Drucill Peniman,62,Rupiah,Services,11/13/2011,99359 Hauk Alley,Female,37,2
636,Zena Ianitti,38,Euro,Services,3/30/2004,69978 Oakridge Street,Female,13,3
637,Blancha Pethrick,64,Euro,Legal,12/16/2020,2 Roxbury Street,Bigender,22,3
638,Nick Kurten,63,Rial,Human Resources,7/20/2014,22734 Almo Parkway,Male,27,4
639,Mollie Nussii,80,Rupiah,Support,7/19/2009,77 Schurz Avenue,Female,44,5
640,Marthena Harman,33,Peso,Support,6/26/2012,284 Linden Plaza,,48,3
641,Poul Andrey,20,Rupiah,Engineering,10/29/2008,980 Manitowish Point,Male,14,4
642,Lillis O' Meara,44,Yuan Renminbi,Services,2/22/2015,1005 Hooker Trail,Female,35,5
643,Germayne Wildish,26,Kuna,Product Management,12/11/2012,322 Colorado Point,Male,37,1
644,Aeriell Champkin,28,Yuan Renminbi,Services,5/17/2022,32202 Sunbrook Way,Female,7,5
645,Emogene Delf,62,Rupiah,Services,11/12/2006,8 Forest Dale Way,,18,5
646,Carmon Laffin,38,Peso,Sales,10/20/2005,48174 Northland Point,Genderfluid,20,4
647,Trueman Roles,25,Yuan Renminbi,Product Management,7/27/2019,29 Buena Vista Street,Male,7,2
648,Darci Morrell,73,Sol,Support,7/27/2000,97382 Center Way,Genderqueer,16,3
649,Gris Sibbering,75,Yuan Renminbi,Sales,8/21/2012,039 Buhler Avenue,Male,27,4
650,Edmund Cuppitt,30,Peso,Engineering,10/7/2009,41 Colorado Plaza,Male,46,4
651,Karissa Dabling,40,Zloty,Business Development,1/6/2021,9456 Mitchell Pass,Female,21,5
652,Ezmeralda Vasiliu,37,Lek,Product Management,4/20/2008,08 Rowland Drive,Female,12,4
653,Raffarty Nucciotti,31,Rupiah,Marketing,12/3/2005,34100 Blaine Parkway,,22,5
654,Ivory Beltzner,77,Hryvnia,Accounting,2/28/2015,117 Lawn Avenue,Female,42,2
655,Matthew Simo,39,Tenge,Accounting,5/19/2015,635 Algoma Circle,,8,5
656,Karol Grishenkov,73,Rupiah,Sales,7/17/2016,2 Amoth Point,Female,50,3
657,Lodovico Yushkin,54,Euro,Training,8/21/2011,66 Helena Drive,,30,5
658,Maynord Bastin,53,Hryvnia,Training,2/18/2004,4 Caliangt Junction,Male,27,2
659,Gordan Jindrak,54,Quetzal,Services,2/13/2014,07 Westridge Way,Male,5,4
660,Toby Figger,57,Rupiah,Support,8/10/2014,95 Holy Cross Place,Male,48,1
661,Katina Chainey,62,Peso,Marketing,4/26/2007,28479 High Crossing Hill,Female,40,1
662,Harli Huxtable,38,Rupiah,Services,5/11/2008,4 Reinke Circle,Female,25,1
663,Megen Dat,61,Dinar,Engineering,6/12/2013,9262 Crowley Park,Female,16,1
664,Doralynne Bowld,66,Shekel,Product Management,8/28/2005,916 Sundown Hill,Female,13,4
665,Hall Chalcot,38,Yuan Renminbi,Services,2/15/2008,43865 Kim Circle,Genderfluid,9,3
666,Karalynn Convery,33,Yuan Renminbi,Training,12/3/2014,09448 Knutson Parkway,Female,14,5
667,Floris Garric,59,Yuan Renminbi,Training,10/25/2017,3 Dahle Lane,Female,28,2
668,Hazel Lawrie,28,Franc,Sales,11/12/2010,12 Schmedeman Road,Male,50,4
669,Artus Codi,69,Yuan Renminbi,Engineering,11/23/2011,1006 Tennessee Circle,Male,8,1
670,Seymour Gianotti,64,Krona,Services,12/1/2000,78935 Elka Road,Agender,25,4
671,Joella Abbess,66,Peso,Legal,2/25/2003,62 Eagle Crest Plaza,,42,2
672,Saw Billborough,54,Dollar,Human Resources,12/14/2011,64 Hoffman Alley,Male,17,1
673,Bernadene Cucuzza,78,Rand,Sales,9/4/2021,61172 Sundown Pass,Female,38,1
674,Gregorio Drakeley,56,Ruble,Services,9/7/2005,27 Summit Park,Bigender,3,3
675,Pauline Jenton,25,Dinar,Services,8/5/2008,24 Scofield Road,Female,36,1
676,Olivette Attwill,27,Euro,Marketing,6/9/2021,25 Sloan Hill,,4,4
677,Hakim Romei,32,Rupiah,Accounting,3/7/2002,3 Dapin Junction,Male,10,3
678,Tanitansy Kellogg,83,Dollar,Marketing,3/5/2014,766 Prentice Street,,30,3
679,Clyde Quakley,65,Rupiah,Marketing,12/1/2003,0053 Fuller Street,Male,40,4
680,Joel Barday,63,Yuan Renminbi,Training,2/2/2007,417 South Pass,,2,3
681,Saree Simmans,37,Marka,Sales,5/10/2018,6 Mandrake Point,Female,6,1
682,Delia Angell,56,Yuan Renminbi,Human Resources,8/5/2015,40 Hovde Place,Female,26,5
683,Alyce Astbery,53,Yen,Research and Development,9/11/2005,94106 Express Way,,28,5
684,Ava Hunnisett,69,Tenge,Training,8/16/2002,3 Pankratz Park,Female,8,5
685,Averyl Fritche,46,Euro,Support,4/6/2001,16 Aberg Center,,37,5
686,Sam Kinane,62,Ruble,Legal,11/5/2010,25952 Delladonna Terrace,,6,2
687,Axe Hradsky,69,Rupiah,Marketing,4/12/2011,9 Old Shore Terrace,Male,36,5
688,Marthe Niemetz,79,Ruble,Engineering,4/3/2014,1950 Continental Parkway,Female,30,1
689,Monroe Verdon,67,Yuan Renminbi,Engineering,3/29/2022,83208 Corry Center,Male,17,2
690,Erskine Laval,45,Yuan Renminbi,Support,8/20/2002,90 Upham Point,Male,3,3
691,Willie Mycroft,22,Somoni,Accounting,8/2/2019,5 Jenna Court,Male,46,2
692,Dylan Sergeant,54,Peso,Research and Development,5/5/2006,54 Aberg Way,,5,2
693,Allyson Hynd,48,Real,Services,1/25/2010,45848 Corry Terrace,Female,23,5
694,Leisha Flahy,35,Rupiah,Marketing,10/22/2017,5297 Grayhawk Terrace,,41,1
695,Sol Barzen,42,Lempira,Training,7/27/2016,48451 Mayfield Way,,16,3
696,Ike Muxworthy,33,Peso,Engineering,6/9/2022,9306 Mandrake Avenue,,16,4
697,Christiane Plumb,57,Shilling,Accounting,10/6/2002,87 Redwing Terrace,Agender,0,1
698,Rich Marchington,43,Franc,Research and Development,9/6/2008,40 Pearson Terrace,Male,41,3
699,Bertrando Ciric,29,Real,Support,5/7/2015,297 Waywood Way,,38,4
700,Lezlie Cramp,20,Euro,Accounting,2/2/2018,58 Gale Circle,,4,1
701,Otha Brikner,73,Real,Business Development,12/18/2015,619 Carpenter Lane,Female,33,5
702,Kory Mashro,32,Euro,Research and Development,8/8/2000,3 Arrowood Crossing,Male,9,4
703,Leighton Kensitt,72,Real,Research and Development,8/6/2011,8912 Merchant Court,,2,4
704,Herman Miebes,31,Yuan Renminbi,Marketing,9/27/2018,383 Dovetail Place,Male,48,3
705,Carr MacGill,77,Ruble,Accounting,12/21/2019,673 Bultman Center,Male,24,2
706,Lynnett Bloomer,76,Krone,Business Development,2/28/2012,1 Lerdahl Center,Female,49,2
707,Margarete Romanini,34,Ringgit,Sales,2/28/2005,613 Golf Circle,Female,49,2
708,Faith Chesters,21,Peso,Services,12/18/2020,56583 Surrey Circle,Female,5,4
709,Zacharie Tuftin,24,Peso,Human Resources,11/29/2011,695 Birchwood Hill,,38,1
710,Kelcy Simants,76,Dollar,Business Development,1/27/2004,297 Rockefeller Center,Female,48,3
711,Everard Sweynson,73,Koruna,Services,3/11/2018,9463 Cascade Circle,,27,2
712,Tobye O'Toole,19,Peso,Marketing,9/26/2019,01747 Sullivan Road,,6,1
713,Bron Kingswell,20,Ruble,Sales,8/4/2011,381 Sutherland Pass,,22,3
714,Toddy Gerhartz,51,Yuan Renminbi,Training,3/13/2008,057 Ridge Oak Trail,,48,5
715,Ryley Lile,55,Zloty,Sales,3/18/2016,8 Sage Circle,Male,2,2
716,Laure Bramhall,49,Rial,Research and Development,11/3/2019,11 Hayes Way,,14,4
717,Aviva Kenton,36,Dollar,Support,3/11/2014,12 Fulton Court,,50,1
718,Moyra Prendeville,78,Pound,Support,10/24/2012,26 Meadow Ridge Alley,Female,6,1
719,Gustaf Waslin,22,Euro,Sales,10/2/2008,1208 Pearson Circle,,41,1
720,Carr MacKinnon,60,Yuan Renminbi,Human Resources,4/25/2010,4 Esker Circle,Bigender,34,5
721,Lombard Sapwell,64,Dong,Research and Development,8/3/2003,95 Quincy Place,Male,2,3
722,Janeva Maccari,53,Rupiah,Training,9/27/2010,5682 Lotheville Avenue,Polygender,48,5
723,Silvan Brian,38,Rupiah,Human Resources,7/7/2011,8760 Corscot Circle,Male,38,4
724,Bruis Howden,58,Yuan Renminbi,Human Resources,9/19/2003,6 Summer Ridge Park,Male,27,4
725,Solly Binnion,64,Ruble,Legal,6/5/2019,1 Bartelt Crossing,,42,4
726,Baird Jerdan,73,Yuan Renminbi,Legal,11/4/2012,17 Forest Lane,Male,19,3
727,Jacquenette Teager,27,Peso,Accounting,4/3/2011,26 Schiller Hill,Female,24,2
728,Theodore Mooney,66,Rupiah,Sales,6/2/2008,37736 Glendale Way,,30,4
729,Merwin Foreman,33,Yuan Renminbi,Engineering,7/12/2018,698 Marcy Drive,Bigender,24,2
730,Engracia Detloff,73,Dollar,Training,12/26/2020,3012 Dexter Drive,Genderfluid,33,3
731,Cordie Hullah,71,Yuan Renminbi,Marketing,7/22/2014,37 Stoughton Place,Male,22,5
732,Hasty Roblin,84,Euro,Support,9/27/2020,24363 Melody Park,,46,3
733,Kathryn Mazzia,21,Krona,Accounting,1/27/2019,00805 Evergreen Park,Female,42,4
734,Hirsch Haryngton,21,Peso,Business Development,8/23/2013,8 Hagan Circle,,28,2
735,Jessi Dodle,71,Naira,Support,3/5/2003,12 Menomonie Parkway,Female,2,1
736,Elisa Thrush,45,Zloty,Marketing,8/27/2015,4 Spohn Road,Female,11,5
737,Gabbie Fernley,37,Rupiah,Marketing,9/9/2022,62324 Loomis Way,Female,2,4
738,Jan Pinkett,24,Yuan Renminbi,Human Resources,7/2/2005,8885 Crescent Oaks Circle,Male,35,2
739,Andy Tebbutt,81,Rupiah,Product Management,7/2/2014,9 Brentwood Crossing,,50,2
740,Alberik Hartwright,62,Rupiah,Services,10/29/2016,50 Green Park,Polygender,22,4
741,Sarene Fallon,25,Yuan Renminbi,Accounting,3/20/2006,482 Erie Center,,21,2
742,Dolli Dell Casa,25,Euro,Research and Development,9/18/2020,841 Brown Way,Female,28,4
743,Christopher Mulvin,35,Dram,Support,5/31/2017,1 Lindbergh Place,Male,26,3
744,Beverly Hassen,49,Yuan Renminbi,Support,7/31/2009,33 Roxbury Way,Female,34,3
745,Corliss Tedorenko,19,Rupiah,Research and Development,1/10/2002,57 Drewry Road,Female,14,3
746,Shay Haddington,27,Som,Sales,5/21/2009,1 Center Plaza,Male,20,1
747,Chance Benezet,43,Baht,Legal,10/8/2017,110 Columbus Court,Male,10,5
748,Borg Norkett,83,Peso,Services,2/20/2011,11893 Fisk Junction,Male,46,2
749,Seymour Frankiss,62,Yuan Renminbi,Accounting,2/16/2008,9 Mosinee Junction,Bigender,12,1
750,Trenton Arnoult,33,Yuan Renminbi,Marketing,4/6/2010,85 Northfield Pass,Male,37,1
751,Leonora Gianettini,50,Ruble,Services,2/9/2019,48501 Moulton Way,,14,1
752,Luisa Suttling,55,Shekel,Support,2/12/2012,6610 Hazelcrest Road,Genderqueer,12,1
753,Collie Hoofe,18,Yuan Renminbi,Marketing,4/12/2003,6 Forest Pass,Non-binary,44,5
754,Cornell Ropkins,76,Lek,Business Development,6/21/2007,3 Westend Terrace,Male,40,5
755,Claudell Waggett,32,Peso,Legal,4/2/2021,33 Golf View Trail,,28,2
756,Ivan McNair,40,Won,Business Development,5/13/2016,71 Talisman Terrace,Male,43,4
757,Margalit Assard,59,Birr,Services,5/8/2020,1 Lakewood Trail,,21,2
758,Luelle O'Loughnan,74,Rupiah,Engineering,10/16/2018,59441 Armistice Junction,Female,34,5
759,Seana Synke,48,Rupiah,Support,5/13/2014,9 Laurel Parkway,Female,12,2
760,Bernadette Mathonnet,53,Rupiah,Engineering,11/13/2019,1 Swallow Drive,,6,1
761,Faulkner Byng,55,Yuan Renminbi,Engineering,6/3/2017,1168 Haas Way,Male,41,3
762,Yolanthe Nethercott,47,Rupee,Support,2/14/2010,73 Bunker Hill Avenue,Female,5,3
763,Lonny Deeprose,20,Yuan Renminbi,Human Resources,4/10/2006,590 Autumn Leaf Road,,29,4
764,Danell Hayley,61,Euro,Marketing,4/17/2002,9 Express Place,,50,4
765,Janey Hencke,52,Rupee,Human Resources,7/1/2008,47 Spohn Hill,Female,15,3
766,Burgess Coda,70,Euro,Marketing,4/3/2012,7945 Myrtle Park,Male,33,2
767,Trixy Oxley,74,Ruble,Training,6/7/2000,13 Carpenter Terrace,Female,6,5
768,Pepito Matson,49,Rupiah,Legal,1/24/2013,81205 Bluejay Crossing,Male,11,2
769,Clea Hearl,68,Krona,Engineering,5/25/2006,47569 Hooker Terrace,Female,33,5
770,Tripp Bowgen,60,Ruble,Business Development,10/17/2011,1185 Londonderry Plaza,,17,1
771,Salaidh Loache,60,Ruble,Engineering,3/2/2016,74373 Leroy Circle,Non-binary,39,3
772,Jeffie Stedmond,54,Krona,Research and Development,7/25/2007,751 Springview Trail,,39,5
773,Bert Calcutt,33,Manat,Business Development,12/27/2012,29424 Esch Center,Male,12,2
774,Lois Condliffe,49,Leone,Legal,10/10/2007,7 Pearson Way,,45,3
775,Sollie Cotta,27,Birr,Engineering,11/16/2008,4 Talmadge Avenue,Male,18,4
776,Teddie Cheston,40,Real,Sales,8/25/2006,947 Dawn Trail,Male,10,4
777,Ewart Quan,28,Franc,Sales,1/20/2002,9 Carioca Hill,Male,29,4
778,Jacques Heathcott,44,Euro,Legal,5/8/2019,1233 Stephen Point,,32,4
779,Lynne Garvill,25,Yuan Renminbi,Services,9/21/2004,57607 Aberg Way,Genderfluid,33,3
780,Min Yearns,28,Peso,Sales,10/12/2014,180 Fremont Hill,,29,5
781,Claretta Smaridge,52,Pound,Sales,6/17/2020,35 Harper Junction,Polygender,33,4
782,Mose McPhelimey,35,Koruna,Sales,3/4/2018,79442 Westend Court,Male,33,1
783,Poul Fetteplace,76,Rupiah,Legal,7/16/2016,83045 Coolidge Drive,Male,50,2
784,Lennie Cappleman,41,Peso,Training,7/30/2021,9 Lillian Avenue,Male,40,1
785,Isabelita Allchin,47,Hryvnia,Legal,4/26/2002,184 West Trail,,6,2
786,Paola Simms,71,Rupiah,Sales,5/26/2021,44 Clove Drive,Female,44,4
787,Roderich Ugolotti,23,Rupiah,Marketing,3/6/2010,66 Morningstar Drive,Male,25,1
788,Vittoria Tettersell,82,Yen,Research and Development,4/13/2004,3 Blue Bill Park Plaza,Female,0,3
789,Jana Abels,64,Real,Support,7/13/2007,7791 Larry Street,Female,1,4
790,Virge Fonso,81,Yuan Renminbi,Support,3/9/2016,93 Debs Way,Male,36,4
791,Vanny Elson,68,Euro,Product Management,11/9/2004,54 Manley Crossing,Female,4,1
792,Lurline Le Estut,43,Dollar,Training,10/18/2013,928 Hayes Center,Polygender,35,2
793,Edan Emtage,36,Peso,Business Development,1/6/2005,175 Moland Way,Male,45,2
794,Alonzo Dungey,83,Won,Human Resources,2/2/2019,73 Hayes Trail,Male,48,2
795,Leonore Harome,36,Dollar,Legal,9/6/2014,99040 Eastwood Place,Female,46,5
796,Bail Prandi,56,Ruble,Training,6/10/2010,394 Transport Place,,15,3
797,Westleigh Titcomb,44,Rupiah,Marketing,4/11/2004,789 Waywood Hill,Male,7,2
798,Alika Coaker,47,Afghani,Sales,5/1/2022,05 Forest Center,,23,1
799,Christean Morican,43,Dirham,Services,12/23/2006,9 Village Place,Female,3,4
800,Salvidor Shallcroff,36,Kuna,Human Resources,10/7/2004,093 Lyons Road,Male,33,1
801,Perry Kincla,56,Zloty,Legal,9/25/2010,5375 Monica Pass,,49,3
802,Horatius Ducker,65,Yuan Renminbi,Business Development,6/20/2021,36 Glendale Lane,,22,4
803,Jerry Castiello,45,Yen,Services,7/8/2018,6100 Oneill Park,Bigender,10,3
804,Catlee Gentiry,85,Yuan Renminbi,Marketing,11/8/2005,472 Mariners Cove Circle,Female,20,2
805,Warde Renforth,52,Franc,Human Resources,4/14/2015,289 Monica Way,Male,2,3
806,Emmit Tretwell,65,Ruble,Business Development,10/15/2008,69 Brown Alley,Male,22,1
807,Stephie McDonand,68,Peso,Training,3/23/2011,00 Ryan Way,Female,33,2
808,Carrie Chateau,33,Euro,Engineering,7/31/2015,9781 American Ash Alley,,45,4
809,Martainn Akester,21,Yuan Renminbi,Services,8/4/2007,00172 Blackbird Plaza,,11,2
810,Hildegarde Kinson,51,Peso,Support,8/13/2001,875 Buena Vista Hill,,20,1
811,Innis Allnatt,24,Rupiah,Sales,11/19/2019,63 Washington Circle,,42,5
812,Liesa Ginnell,46,Yuan Renminbi,Legal,1/17/2010,2408 New Castle Point,,29,3
813,Allina Beran,35,Yuan Renminbi,Support,12/19/2015,9 Hazelcrest Hill,Female,43,5
814,Cherise Roux,55,Yuan Renminbi,Engineering,9/20/2007,65872 Talisman Avenue,,41,3
815,Davon Lockhart,39,Rupiah,Research and Development,5/23/2022,94 Porter Plaza,,49,1
816,Rasla Junes,52,Real,Legal,2/24/2010,3429 Vera Terrace,Female,33,5
817,Rafaellle Banasik,19,Euro,Accounting,2/28/2022,1300 Burrows Court,Male,0,1
818,Keven Lysaght,21,Euro,Services,8/28/2009,4977 Brown Circle,Male,49,4
819,Carr Folkes,20,Yuan Renminbi,Human Resources,10/29/2000,9 Sheridan Hill,Male,49,4
820,Belinda Peche,63,Koruna,Human Resources,2/10/2015,3 Kipling Junction,Female,16,1
821,Brannon Bahls,23,Quetzal,Human Resources,8/26/2013,69 Red Cloud Drive,,29,5
822,Carla Verdon,38,Euro,Engineering,12/26/2014,4 Stuart Alley,Female,41,5
823,Werner Jackman,57,Franc,Product Management,5/14/2008,807 Norway Maple Trail,Male,35,3
824,Gabie Wardel,25,Sol,Accounting,2/22/2019,8 Riverside Hill,Male,22,3
825,Lombard Regina,51,Rupiah,Marketing,11/25/2003,6 Transport Center,,16,1
826,Jehanna Cawley,30,Yuan Renminbi,Engineering,4/3/2000,47403 Forest Drive,Female,17,3
827,Korry Styles,43,Dinar,Support,10/28/2008,130 Hoepker Center,Female,32,4
828,Felicdad Arton,50,Balboa,Engineering,6/17/2005,51 Anderson Parkway,Female,28,4
829,Douglass Grog,67,Dram,Sales,9/11/2004,9545 Dahle Lane,,16,1
830,Sammie Reside,40,Yen,Product Management,1/16/2017,4 Arizona Crossing,Male,30,1
831,Tallou Fargie,43,Rupiah,Training,10/19/2009,639 Fulton Drive,Female,36,4
832,Anallese Brayfield,65,Peso,Sales,10/1/2015,8568 Northfield Road,Female,39,5
833,Brad McTurley,27,Rupiah,Services,12/26/2009,970 Golf View Park,Male,13,5
834,Win Beavan,61,Ruble,Engineering,3/29/2018,51112 Havey Court,Genderqueer,3,4
835,Charmaine Tibbs,32,Yuan Renminbi,Marketing,10/19/2000,21 Gulseth Lane,Female,12,3
836,Belita Ferronet,73,Yuan Renminbi,Support,12/8/2018,5419 Crowley Court,,14,4
837,Ginnie Taggerty,65,Ruble,Human Resources,1/17/2022,04 Twin Pines Avenue,Female,34,3
838,Rudolf Jeandin,32,Zloty,Business Development,7/2/2004,774 Bartelt Lane,Male,48,2
839,Nappy McBryde,82,Real,Services,4/12/2005,6395 Fordem Road,Male,43,1
840,Gaby O'Duane,79,Peso,Training,5/25/2008,6637 Dakota Terrace,,6,2
841,Heath Bleakley,83,Yuan Renminbi,Training,6/11/2019,945 Lyons Terrace,Male,49,5
842,Cathlene Issacson,55,Ruble,Human Resources,9/12/2022,14 Algoma Center,Female,12,5
843,Noami Juanes,20,Peso,Training,4/28/2015,2 Green Court,,48,4
844,Marlowe Kingscote,74,Dollar,Accounting,2/3/2007,49 Mockingbird Lane,Male,38,2
845,Gregory Burrass,79,Yuan Renminbi,Human Resources,1/5/2002,5196 Northland Junction,Male,23,3
846,Reggie Vogt,30,Rial,Support,4/23/2006,1263 7th Plaza,Male,16,2
847,Briney Gladwin,56,Birr,Legal,4/17/2001,75504 Union Road,Female,18,2
848,Codi Vecard,31,Pound,Human Resources,8/10/2012,29 Moose Park,Female,10,1
849,Vivienne Ravenscroft,81,Zloty,Sales,11/10/2001,10 Chive Drive,,48,5
850,Erastus Henken,77,Dirham,Legal,1/24/2008,742 Mockingbird Alley,,19,5
851,Sascha Basire,53,Euro,Support,1/2/2007,0861 Lotheville Way,Female,1,3
852,Sybil Benkin,84,Kwacha,Legal,6/27/2009,2180 Vera Road,,46,3
853,Netti Philson,60,Euro,Support,7/29/2015,28 Green Ridge Point,,19,3
854,Sibel Gouldstraw,29,Yuan Renminbi,Sales,5/3/2014,14519 Little Fleur Point,Female,42,2
855,Selma Hearse,57,Yuan Renminbi,Marketing,3/2/2004,54758 Eliot Park,Female,15,1
856,Joelie Cooksey,81,Rupiah,Product Management,4/24/2004,6 Sunnyside Court,Polygender,4,5
857,Reuven Haggard,75,Dollar,Human Resources,10/14/2000,04125 Carpenter Street,Genderfluid,50,2
858,Bjorn Guisler,27,Yuan Renminbi,Engineering,8/22/2017,9408 Muir Crossing,Male,44,4
859,Aldin Peris,79,Yuan Renminbi,Legal,1/22/2016,4852 Hoffman Place,Genderfluid,3,5
860,Brodie Crowther,82,Rial,Product Management,2/3/2010,53618 Meadow Ridge Road,,43,2
861,Merwyn Ennals,70,Peso,Engineering,5/9/2007,08 Bluejay Street,Male,33,1
862,Ricky Bodsworth,27,Rupiah,Marketing,3/30/2015,8 Victoria Lane,Female,21,4
863,Svend Lardner,28,Ruble,Business Development,10/12/2014,36 Lakewood Gardens Drive,Male,1,2
864,Reider Straniero,21,Peso,Marketing,3/8/2008,02875 Mesta Alley,,24,4
865,Rourke Kulic,28,Zloty,Research and Development,8/30/2014,5797 Tomscot Road,Genderqueer,23,3
866,Danice Kibblewhite,22,Rupiah,Engineering,2/20/2018,60399 John Wall Court,,4,4
867,Evania Meekins,46,Krona,Services,7/1/2001,7676 Springview Circle,Female,0,2
868,Alia Pentony,64,Franc,Business Development,3/8/2007,5 Armistice Point,Female,3,4
869,Sunshine McMurdo,33,Real,Human Resources,2/16/2005,1514 La Follette Avenue,Female,42,3
870,Giovanna Paynter,71,Yuan Renminbi,Training,9/14/2021,87 Daystar Place,Female,31,3
871,Dun Geach,81,Yuan Renminbi,Support,5/29/2008,1 Anniversary Drive,Non-binary,16,4
872,Jefferson Luparto,74,Euro,Accounting,6/24/2001,945 Waubesa Avenue,,5,1
873,Fremont Riepel,55,Dinar,Marketing,10/12/2016,56 Aberg Terrace,Male,40,4
874,Stanford De Simoni,59,Dollar,Accounting,5/17/2015,32462 Lindbergh Crossing,,49,3
875,Orelle Gayton,39,Peso,Research and Development,4/5/2015,67 Lerdahl Center,Female,18,1
876,Maison Ianni,37,Peso,Support,6/6/2017,162 Myrtle Way,Male,7,5
877,Devin Huggard,80,Krone,Engineering,9/21/2009,4 Hazelcrest Park,Male,32,5
878,Joshua Knappett,30,Rupiah,Business Development,4/17/2014,3 Fair Oaks Alley,Bigender,31,4
879,Hadleigh Baumber,66,Colon,Legal,9/29/2007,22049 Haas Hill,,7,3
880,Preston Atyeo,30,Ruble,Support,10/27/2015,22 Springview Center,,4,3
881,Anna Pothecary,73,Peso,Sales,7/15/2012,6411 Fisk Way,Female,20,2
882,Skip Gebbe,36,Baht,Engineering,7/19/2015,277 Esker Circle,Male,21,2
883,Kimberli Emes,26,Yuan Renminbi,Research and Development,10/5/2004,36 Lakewood Junction,Female,25,2
884,Boote Purry,67,Dollar,Sales,7/24/2019,21 Caliangt Street,Male,44,3
885,Georgiana Blewitt,18,Yuan Renminbi,Research and Development,8/6/2018,4751 Blue Bill Park Parkway,Female,7,4
886,Mattheus Biggerdike,63,Rupiah,Human Resources,2/15/2018,541 Bobwhite Court,Male,37,3
887,Gretchen Shimuk,72,Dollar,Engineering,12/4/2012,907 Buhler Hill,,37,3
888,Jazmin Wankel,69,Rupiah,Legal,9/28/2021,20553 Barnett Plaza,Female,3,3
889,Barney McFayden,30,Yuan Renminbi,Legal,6/30/2002,5011 Barby Avenue,Male,17,3
890,Kinny Haxby,44,Rupiah,Sales,3/23/2021,7972 Fremont Place,Agender,4,4
891,Barny Haistwell,51,Euro,Legal,6/1/2020,156 Ludington Terrace,Male,26,2
892,Greg Buckingham,46,Euro,Human Resources,4/29/2014,193 Sachtjen Street,,27,1
893,Carey Ducker,40,Dollar,Research and Development,4/30/2022,095 Armistice Park,Male,45,1
894,Mandel Kelby,58,Dollar,Business Development,8/2/2011,5021 Carberry Crossing,Male,39,4
895,Erroll Smithson,59,Krona,Sales,8/29/2010,59559 Forest Dale Junction,Male,9,4
896,Rossy Matashkin,65,Yuan Renminbi,Sales,10/12/2000,626 Kipling Trail,Male,19,5
897,Chloris Probbin,38,Zloty,Marketing,7/13/2022,5161 Morning Park,Female,0,2
898,Katharina Bhatia,75,Peso,Accounting,9/28/2019,69 Mendota Way,Female,30,3
899,Saunderson Blackborn,45,Euro,Support,7/21/2014,0 Pearson Place,,23,1
900,Lance Bostick,52,Peso,Support,11/13/2015,5388 Burning Wood Court,Male,9,4
901,Catherina Bernaldez,19,Dirham,Legal,11/17/2020,53 Spohn Street,Bigender,1,1
902,Camella Petley,18,Rupiah,Support,4/11/2019,12792 Bunting Terrace,Female,46,5
903,Gwyneth Rockell,65,Yuan Renminbi,Engineering,2/7/2013,597 Sutteridge Trail,Female,36,2
904,Consolata Jakoub,21,Yuan Renminbi,Engineering,4/5/2010,7036 Parkside Road,,21,3
905,Gilligan Tomet,74,Won,Human Resources,3/26/2019,645 School Hill,,19,4
906,Brewster Pennock,43,Rupiah,Training,5/2/2015,62 Ilene Crossing,Male,42,1
907,Kettie Dresse,57,Yuan Renminbi,Services,12/27/2022,44 Bellgrove Avenue,,43,3
908,David Di Biagi,58,Euro,Accounting,3/8/2005,09050 Stang Point,,2,2
909,Cordie M'Chirrie,66,Rupiah,Human Resources,1/4/2011,6 Mcbride Street,Female,41,3
910,Manolo Cobbledick,43,Peso,Research and Development,7/19/2019,7775 7th Plaza,Male,32,2
911,Flossy Redhole,20,Euro,Legal,12/30/2007,22 Roxbury Avenue,Bigender,12,5
912,Darryl Chaplyn,36,Ruble,Services,12/22/2003,4 Fulton Place,Male,41,1
913,Ceciley Loines,73,Rupiah,Sales,12/19/2010,5 Hoffman Street,Female,35,5
914,Rayna Witling,47,Yuan Renminbi,Services,3/9/2019,0 School Parkway,Female,27,2
915,Brocky Cluer,63,Ruble,Business Development,1/4/2016,0337 Hayes Road,Male,0,3
916,Lawry Housiaux,30,Rupiah,Legal,4/5/2013,11 Gateway Place,,10,1
917,Tamra Stryde,36,Yuan Renminbi,Legal,5/30/2006,68 Fieldstone Place,Female,10,1
918,Raffarty Lynes,74,Peso,Marketing,2/14/2001,9969 Lindbergh Trail,Male,48,2
919,Thane Torr,58,Peso,Sales,5/6/2000,8 Spaight Street,Male,35,4
920,Terrel Speddin,60,Zloty,Business Development,10/21/2021,745 Knutson Trail,,26,4
921,Roderic McGeouch,25,Rupiah,Accounting,6/26/2003,408 Northfield Drive,Male,23,2
922,Jeremie Oliver-Paull,60,Dollar,Human Resources,5/24/2021,27 Bunting Avenue,,36,1
923,Vern Liddy,70,Koruna,Training,11/16/2015,1686 Twin Pines Place,Male,11,1
924,Margery Felstead,74,Tugrik,Training,8/5/2010,459 Delladonna Point,Female,23,5
925,Durand Dunnan,71,Rupiah,Sales,4/25/2017,7460 Warbler Way,Male,23,2
926,Arvin Downton,82,Yuan Renminbi,Research and Development,10/20/2012,01386 Lotheville Hill,Male,43,2
927,Kelila Stebbins,57,Rupiah,Legal,4/27/2007,3 Elgar Alley,Female,19,1
928,Dalt Avramov,54,Dollar,Training,8/10/2003,7506 Scofield Parkway,Male,17,5
929,Haily Rominov,39,Yuan Renminbi,Engineering,6/19/2019,583 Gale Junction,Agender,47,4
930,Raddy Josskowitz,75,Ruble,Legal,4/18/2008,54890 Almo Hill,Male,39,5
931,Paloma Vallender,20,Rupiah,Marketing,1/24/2011,792 Sunfield Park,Genderqueer,32,3
932,Bear West,25,Peso,Human Resources,8/21/2009,0338 Cambridge Place,Male,35,1
933,Scott Garmans,65,Euro,Marketing,10/13/2010,1894 Leroy Park,,22,4
934,Gaspard Luckcuck,76,Yen,Services,1/12/2004,0336 Dorton Road,Male,49,3
935,Dannel Whitney,28,Krona,Sales,5/25/2016,62 Tomscot Pass,Male,48,5
936,Sibyl Guerrier,64,Ruble,Engineering,5/3/2011,53300 Luster Avenue,,21,2
937,Cassie McMenamy,79,Won,Business Development,7/27/2017,005 Bunting Circle,,11,5
938,Merwin Etuck,72,Bolivar,Accounting,7/26/2010,34 Crowley Point,Male,47,5
939,Berri Iles,33,Naira,Accounting,12/27/2000,154 Northland Pass,,12,4
940,Mano Troup,23,Peso,Training,7/13/2006,6 Hanover Alley,Male,41,1
941,Barbe Currier,45,Yuan Renminbi,Training,10/30/2020,0 Oakridge Place,Female,20,5
942,Brig Wace,71,Shekel,Engineering,10/25/2001,9992 Linden Court,Male,25,1
943,Devon Trussman,79,Rupiah,Product Management,1/8/2006,99 Kim Trail,Female,20,1
944,Kilian Anten,34,Yuan Renminbi,Business Development,2/24/2022,24244 Tony Point,Male,29,3
945,Innis Skelton,62,Yuan Renminbi,Human Resources,3/25/2005,82387 Killdeer Circle,Male,21,1
946,Bryant Meegan,85,Yuan Renminbi,Product Management,3/28/2022,374 Hollow Ridge Crossing,Male,24,4
947,Mikol Lafayette,77,Ruble,Engineering,2/22/2021,2 Crest Line Parkway,Male,18,2
948,Edi Giacomoni,35,Yuan Renminbi,Marketing,1/19/2003,54 Declaration Avenue,Female,4,2
949,Laetitia Borwick,41,Sol,Training,2/20/2008,3434 Sauthoff Park,Female,17,1
950,Vivie Malinson,34,Leu,Product Management,12/2/2008,19 Monterey Street,Female,2,5
951,Feliks McIlwrath,24,Euro,Support,2/23/2000,1547 Rigney Place,Male,30,5
952,Lurlene Atkin,66,Rupiah,Support,12/28/2000,6736 Prairie Rose Alley,,1,1
953,Humfried Callum,35,Baht,Business Development,2/13/2018,677 Bartillon Terrace,Male,10,4
954,Mordecai Henken,63,Ruble,Research and Development,3/8/2009,92 Delaware Pass,,2,4
955,Bordie Curro,25,Hryvnia,Research and Development,11/1/2000,278 Old Gate Court,,37,1
956,Borg Buckwell,18,Kuna,Human Resources,2/27/2020,3806 Eagan Street,Male,49,3
957,Hubie Thompson,77,Rupiah,Human Resources,1/14/2004,8 Waubesa Road,Male,48,4
958,Barclay Ivashinnikov,47,Real,Marketing,3/29/2011,55 Mallard Plaza,,33,5
959,Currey McMechan,20,Dinar,Research and Development,12/17/2002,19 Novick Drive,Male,4,5
960,Sean Jahnig,68,Kyat,Research and Development,2/25/2006,27 Washington Lane,Male,9,5
961,Jamaal Howat,54,Peso,Human Resources,5/18/2017,1 Cardinal Plaza,,49,5
962,Lorna Brookson,19,Franc,Sales,2/25/2016,1755 Crest Line Crossing,Female,2,5
963,Osborne Fealty,60,Krone,Product Management,11/1/2002,93575 Buhler Pass,Male,32,3
964,Al Fessions,23,Peso,Product Management,2/5/2019,5 Kings Park,Male,21,3
965,Tybie Lombard,20,Yuan Renminbi,Sales,7/14/2004,236 Farmco Junction,Female,31,4
966,Ive Murra,20,Rupiah,Training,8/6/2012,3 Schlimgen Alley,,30,1
967,Moses Bartles,29,Rupiah,Legal,5/16/2011,555 Delaware Court,Male,38,2
968,Eduard MacFayden,70,Euro,Services,6/26/2007,85 Hoffman Alley,,0,3
969,Clerissa Redholes,72,Rupiah,Training,7/5/2006,22202 Merchant Plaza,,34,4
970,Cate Isakovic,56,Real,Human Resources,7/21/2000,0719 Mayer Circle,Polygender,37,3
971,Vonny Howgate,31,Rupiah,Sales,6/3/2018,4232 Oriole Parkway,Female,28,5
972,Virgie Spandley,50,Real,Marketing,4/25/2004,095 Delaware Road,Female,15,5
973,Alice Eastbury,43,Afghani,Services,9/21/2014,506 Hoffman Crossing,Female,45,4
974,Cad Leuty,64,Yuan Renminbi,Marketing,3/15/2019,84105 Sunfield Place,Male,16,1
975,Retha Pether,72,Yuan Renminbi,Training,10/1/2022,9 Holmberg Drive,,28,2
976,Helge Carsey,64,Yuan Renminbi,Services,5/24/2003,32171 Nobel Crossing,Female,4,1
977,Nicolle Joiris,76,Peso,Marketing,12/14/2008,0 Vahlen Road,,41,5
978,Cash Winham,68,Euro,Business Development,6/30/2018,0 Randy Court,Male,3,1
979,Paige Graysmark,62,Sol,Services,8/16/2007,9857 Erie Road,Female,3,2
980,Stuart Aloway,71,Real,Legal,5/19/2017,496 Bluestem Trail,Male,37,3
981,Cosimo Bedell,43,Hryvnia,Marketing,5/10/2004,170 Carpenter Point,Male,20,3
982,Bear Vaisey,29,Bolivar,Services,1/28/2007,4 Jana Park,,37,2
983,Hale Crapper,46,Rupiah,Training,5/12/2018,13351 Fair Oaks Center,Bigender,25,2
984,Keene Eltringham,73,Yen,Marketing,7/13/2017,207 Tony Trail,Genderqueer,31,3
985,Aigneis Denge,78,Ruble,Engineering,11/28/2003,433 Toban Trail,Female,36,5
986,Zandra Briscoe,81,Ruble,Engineering,11/6/2008,66 Drewry Alley,Female,40,4
987,Jeremiah Sandon,20,Peso,Training,9/23/2005,349 Aberg Street,,31,2
988,Cilka Loy,29,Koruna,Accounting,6/11/2001,66166 Crest Line Court,Female,35,3
989,Bird Heakins,21,Lev,Legal,8/5/2020,86338 Dorton Alley,,46,1
990,Durand Leaver,75,Rupiah,Research and Development,7/9/2009,80221 Muir Plaza,,10,1
991,Justin Hoodspeth,69,Ruble,Business Development,5/7/2020,7981 Meadow Valley Park,Male,23,3
992,Emmet Geharke,32,Real,Business Development,10/9/2007,3576 Di Loreto Place,Polygender,9,5
993,Abbi Knell,20,Rupiah,Product Management,2/8/2012,7350 La Follette Trail,Female,3,1
994,Morley Calder,39,Zloty,Support,12/3/2015,5053 Lindbergh Parkway,Male,0,3
995,Rachelle Scrivin,25,Euro,Product Management,6/21/2014,168 Grasskamp Way,Female,19,3
996,Erma Gregory,18,Euro,Services,11/30/2019,25665 Larry Road,Female,13,1
997,Shawna Imlen,33,Krona,Human Resources,11/29/2015,31091 Brickson Park Street,Female,31,2
998,Nananne Blazi,84,Zloty,Services,1/10/2008,08870 Anniversary Parkway,Female,3,4
999,Vernice Fullman,34,Lev,Product Management,10/6/2001,6680 Katie Alley,Female,48,4
1000,Alonzo Pitrasso,35,Pound,Legal,1/9/2013,24171 Forest Run Plaza,,0,4
